"totInt","cellArea","cellnum","bkgrdInt","frame","cond","time","strain"
938353,395,2,1578.5525,1,"infected",120,"LZ22221"
2848801,255,3,1578.5525,1,"infected",120,"LZ22221"
4193746,281,4,1578.5525,1,"infected",120,"LZ22221"
8163035,437,5,1578.5525,1,"infected",120,"LZ22221"
198877,103,6,1578.5525,1,"infected",120,"LZ22221"
494278,128,1,1578.5523,2,"infected",120,"LZ22221"
2853081,213,2,1578.5523,2,"infected",120,"LZ22221"
1518377,103,3,1578.5523,2,"infected",120,"LZ22221"
8747989,472,1,1726.3051,3,"infected",120,"LZ22221"
3526763,209,2,1726.3051,3,"infected",120,"LZ22221"
1946397,149,3,1726.3051,3,"infected",120,"LZ22221"
414323,166,4,1726.3051,3,"infected",120,"LZ22221"
1236672,410,5,1726.3051,3,"infected",120,"LZ22221"
622586,331,1,1577.7066,4,"infected",120,"LZ22221"
419920,221,2,1577.7066,4,"infected",120,"LZ22221"
1794470,311,3,1577.7066,4,"infected",120,"LZ22221"
826704,357,4,1577.7066,4,"infected",120,"LZ22221"
1655151,221,1,1763.751,5,"infected",120,"LZ22221"
767262,253,2,1763.751,5,"infected",120,"LZ22221"
4298710,214,3,1763.751,5,"infected",120,"LZ22221"
7304747,451,4,1763.751,5,"infected",120,"LZ22221"
1012705,86,5,1763.751,5,"infected",120,"LZ22221"
1010669,76,6,1763.751,5,"infected",120,"LZ22221"
219865,114,7,1763.751,5,"infected",120,"LZ22221"
736974,92,8,1763.751,5,"infected",120,"LZ22221"
609488,277,1,1624.2351,6,"infected",120,"LZ22221"
2103243,297,2,1624.2351,6,"infected",120,"LZ22221"
764173,218,3,1624.2351,6,"infected",120,"LZ22221"
3732297,266,4,1624.2351,6,"infected",120,"LZ22221"
1264972,224,5,1624.2351,6,"infected",120,"LZ22221"
813655,151,6,1624.2351,6,"infected",120,"LZ22221"
5290774,244,1,1679.5544,7,"infected",120,"LZ22221"
4972949,216,2,1679.5544,7,"infected",120,"LZ22221"
622552,348,1,1522.1343,8,"infected",120,"LZ22221"
977055,316,2,1522.1343,8,"infected",120,"LZ22221"
3360744,286,3,1522.1343,8,"infected",120,"LZ22221"
511257,227,1,1646.3047,9,"infected",120,"LZ22221"
5239883,410,2,1646.3047,9,"infected",120,"LZ22221"
3052768,140,3,1646.3047,9,"infected",120,"LZ22221"
566375,91,4,1646.3047,9,"infected",120,"LZ22221"
579950,173,5,1646.3047,9,"infected",120,"LZ22221"
1293501,191,6,1646.3047,9,"infected",120,"LZ22221"
3822570,208,7,1646.3047,9,"infected",120,"LZ22221"
1160235,143,8,1646.3047,9,"infected",120,"LZ22221"
838545,173,9,1646.3047,9,"infected",120,"LZ22221"
4103403,198,10,1646.3047,9,"infected",120,"LZ22221"
329611,100,11,1646.3047,9,"infected",120,"LZ22221"
740108,126,12,1646.3047,9,"infected",120,"LZ22221"
2135818,132,13,1646.3047,9,"infected",120,"LZ22221"
344843,111,14,1646.3047,9,"infected",120,"LZ22221"
2227206,187,15,1646.3047,9,"infected",120,"LZ22221"
1313135,104,16,1646.3047,9,"infected",120,"LZ22221"
1799837,163,17,1646.3047,9,"infected",120,"LZ22221"
1393965,155,1,1628.2734,10,"infected",120,"LZ22221"
8219957,494,2,1628.2734,10,"infected",120,"LZ22221"
3180327,314,3,1628.2734,10,"infected",120,"LZ22221"
201442,131,4,1628.2734,10,"infected",120,"LZ22221"
2400270,149,5,1628.2734,10,"infected",120,"LZ22221"
1085771,156,6,1628.2734,10,"infected",120,"LZ22221"
5465929,239,7,1628.2734,10,"infected",120,"LZ22221"
1264244,88,8,1628.2734,10,"infected",120,"LZ22221"
1266115,99,9,1628.2734,10,"infected",120,"LZ22221"
6705690,220,10,1628.2734,10,"infected",120,"LZ22221"
2994372,239,11,1628.2734,10,"infected",120,"LZ22221"
4739726,383,1,1618.9617,11,"infected",120,"LZ22221"
3304551,188,2,1618.9617,11,"infected",120,"LZ22221"
1233633,448,3,1618.9617,11,"infected",120,"LZ22221"
601544,307,1,1627.1118,12,"infected",120,"LZ22221"
764266,371,2,1627.1118,12,"infected",120,"LZ22221"
8320809,489,1,1675.0424,13,"infected",120,"LZ22221"
8317867,555,2,1675.0424,13,"infected",120,"LZ22221"
4576156,217,3,1675.0424,13,"infected",120,"LZ22221"
4848111,381,4,1675.0424,13,"infected",120,"LZ22221"
3385906,288,1,1724.1271,14,"infected",120,"LZ22221"
4410973,317,2,1724.1271,14,"infected",120,"LZ22221"
1884328,152,3,1724.1271,14,"infected",120,"LZ22221"
1859451,155,4,1724.1271,14,"infected",120,"LZ22221"
5114646,177,5,1724.1271,14,"infected",120,"LZ22221"
3804215,176,6,1724.1271,14,"infected",120,"LZ22221"
283205,144,2,1589.304,1,"infected",120,"LZ22221"
563273,295,2,1587.8634,2,"infected",120,"LZ22221"
499768,239,3,1587.8634,2,"infected",120,"LZ22221"
446003,200,4,1587.8634,2,"infected",120,"LZ22221"
450317,107,5,1587.8634,2,"infected",120,"LZ22221"
941697,487,6,1587.8634,2,"infected",120,"LZ22221"
4422086,334,1,1765.7666,3,"infected",120,"LZ22221"
2534965,196,2,1765.7666,3,"infected",120,"LZ22221"
3154457,188,3,1765.7666,3,"infected",120,"LZ22221"
7131839,532,4,1765.7666,3,"infected",120,"LZ22221"
2884639,117,5,1765.7666,3,"infected",120,"LZ22221"
1751587,126,6,1765.7666,3,"infected",120,"LZ22221"
5420226,362,1,1590.1531,4,"infected",120,"LZ22221"
2048848,239,2,1590.1531,4,"infected",120,"LZ22221"
452577,156,3,1590.1531,4,"infected",120,"LZ22221"
1356828,303,4,1590.1531,4,"infected",120,"LZ22221"
3274561,201,5,1590.1531,4,"infected",120,"LZ22221"
4656991,223,6,1590.1531,4,"infected",120,"LZ22221"
2036491,372,7,1590.1531,4,"infected",120,"LZ22221"
3324041,163,8,1590.1531,4,"infected",120,"LZ22221"
2486564,143,9,1590.1531,4,"infected",120,"LZ22221"
1854182,138,1,1615.6076,5,"infected",120,"LZ22221"
1030754,72,2,1615.6076,5,"infected",120,"LZ22221"
562373,136,3,1615.6076,5,"infected",120,"LZ22221"
720643,310,4,1615.6076,5,"infected",120,"LZ22221"
245217,121,5,1615.6076,5,"infected",120,"LZ22221"
658445,354,1,1579.2187,6,"infected",120,"LZ22221"
1004985,305,2,1579.2187,6,"infected",120,"LZ22221"
3530313,285,3,1579.2187,6,"infected",120,"LZ22221"
1506048,399,4,1579.2187,6,"infected",120,"LZ22221"
1399500,237,2,1706.1036,1,"infected",180,"LZ22221"
1146780,191,3,1706.1036,1,"infected",180,"LZ22221"
257407,138,4,1706.1036,1,"infected",180,"LZ22221"
286143,158,1,1999.4366,2,"infected",180,"LZ22221"
305570,158,2,1999.4366,2,"infected",180,"LZ22221"
4635987,399,3,1999.4366,2,"infected",180,"LZ22221"
2213175,395,4,1999.4366,2,"infected",180,"LZ22221"
1618912,603,5,1999.4366,2,"infected",180,"LZ22221"
6927935,372,6,1999.4366,2,"infected",180,"LZ22221"
2370537,219,7,1999.4366,2,"infected",180,"LZ22221"
764606,315,8,1999.4366,2,"infected",180,"LZ22221"
5332818,345,9,1999.4366,2,"infected",180,"LZ22221"
1455921,187,10,1999.4366,2,"infected",180,"LZ22221"
3835565,275,11,1999.4366,2,"infected",180,"LZ22221"
3117652,222,12,1999.4366,2,"infected",180,"LZ22221"
3749530,218,13,1999.4366,2,"infected",180,"LZ22221"
652132,289,14,1999.4366,2,"infected",180,"LZ22221"
3097448,252,15,1999.4366,2,"infected",180,"LZ22221"
3751625,273,16,1999.4366,2,"infected",180,"LZ22221"
8499579,394,17,1999.4366,2,"infected",180,"LZ22221"
3141330,179,18,1999.4366,2,"infected",180,"LZ22221"
2717606,232,1,1659.1058,3,"infected",180,"LZ22221"
5933417,475,2,1659.1058,3,"infected",180,"LZ22221"
8834812,494,3,1659.1058,3,"infected",180,"LZ22221"
2763397,138,4,1659.1058,3,"infected",180,"LZ22221"
3031358,244,1,1661.1825,4,"infected",180,"LZ22221"
2277497,174,2,1661.1825,4,"infected",180,"LZ22221"
9288553,599,3,1661.1825,4,"infected",180,"LZ22221"
2882731,270,4,1661.1825,4,"infected",180,"LZ22221"
3304045,364,5,1661.1825,4,"infected",180,"LZ22221"
2372331,221,6,1661.1825,4,"infected",180,"LZ22221"
9045873,530,7,1661.1825,4,"infected",180,"LZ22221"
377126,215,8,1661.1825,4,"infected",180,"LZ22221"
296837,171,9,1661.1825,4,"infected",180,"LZ22221"
627683,333,10,1661.1825,4,"infected",180,"LZ22221"
1872435,214,11,1661.1825,4,"infected",180,"LZ22221"
3896332,153,12,1661.1825,4,"infected",180,"LZ22221"
713434,175,13,1661.1825,4,"infected",180,"LZ22221"
398181,175,1,1595.7716,5,"infected",180,"LZ22221"
5970083,377,2,1595.7716,5,"infected",180,"LZ22221"
3763743,214,3,1595.7716,5,"infected",180,"LZ22221"
2763161,211,4,1595.7716,5,"infected",180,"LZ22221"
3195826,194,5,1595.7716,5,"infected",180,"LZ22221"
4145628,238,6,1595.7716,5,"infected",180,"LZ22221"
2143910,201,7,1595.7716,5,"infected",180,"LZ22221"
9116515,559,8,1595.7716,5,"infected",180,"LZ22221"
2983944,135,9,1595.7716,5,"infected",180,"LZ22221"
2929908,149,10,1595.7716,5,"infected",180,"LZ22221"
5633686,408,1,1707.1643,6,"infected",180,"LZ22221"
811679,462,2,1707.1643,6,"infected",180,"LZ22221"
984115,521,3,1707.1643,6,"infected",180,"LZ22221"
8836145,449,4,1707.1643,6,"infected",180,"LZ22221"
821169,181,5,1707.1643,6,"infected",180,"LZ22221"
746502,407,1,1701.5998,7,"infected",180,"LZ22221"
5740764,320,2,1701.5998,7,"infected",180,"LZ22221"
6768526,345,3,1701.5998,7,"infected",180,"LZ22221"
2666324,279,4,1701.5998,7,"infected",180,"LZ22221"
2279137,97,5,1701.5998,7,"infected",180,"LZ22221"
4601237,190,6,1701.5998,7,"infected",180,"LZ22221"
3271779,196,7,1701.5998,7,"infected",180,"LZ22221"
2994875,266,1,1699.2981,8,"infected",180,"LZ22221"
6092309,273,2,1699.2981,8,"infected",180,"LZ22221"
2882220,270,3,1699.2981,8,"infected",180,"LZ22221"
923497,426,4,1699.2981,8,"infected",180,"LZ22221"
3953827,233,5,1699.2981,8,"infected",180,"LZ22221"
534827,140,6,1699.2981,8,"infected",180,"LZ22221"
993403,314,1,1621.5156,9,"infected",180,"LZ22221"
517869,228,2,1621.5156,9,"infected",180,"LZ22221"
8403326,482,3,1621.5156,9,"infected",180,"LZ22221"
387024,168,4,1621.5156,9,"infected",180,"LZ22221"
2951058,156,5,1621.5156,9,"infected",180,"LZ22221"
771799,431,1,1693.9136,10,"infected",180,"LZ22221"
5071026,279,2,1693.9136,10,"infected",180,"LZ22221"
2885518,208,3,1693.9136,10,"infected",180,"LZ22221"
5994165,370,4,1693.9136,10,"infected",180,"LZ22221"
7461329,346,5,1693.9136,10,"infected",180,"LZ22221"
3176530,249,2,1642.9365,1,"infected",180,"LZ22221"
9448690,591,3,1642.9365,1,"infected",180,"LZ22221"
336050,190,1,1558.5341,2,"infected",180,"LZ22221"
556816,234,2,1558.5341,2,"infected",180,"LZ22221"
2688915,202,3,1558.5341,2,"infected",180,"LZ22221"
296245,151,4,1558.5341,2,"infected",180,"LZ22221"
1388992,176,5,1558.5341,2,"infected",180,"LZ22221"
3766765,152,6,1558.5341,2,"infected",180,"LZ22221"
3562063,191,7,1558.5341,2,"infected",180,"LZ22221"
628643,87,8,1558.5341,2,"infected",180,"LZ22221"
135478,72,9,1558.5341,2,"infected",180,"LZ22221"
1841075,213,1,1620.4729,3,"infected",180,"LZ22221"
2920059,248,2,1620.4729,3,"infected",180,"LZ22221"
2148356,149,3,1620.4729,3,"infected",180,"LZ22221"
1012075,481,4,1620.4729,3,"infected",180,"LZ22221"
3495579,230,5,1620.4729,3,"infected",180,"LZ22221"
491110,251,6,1620.4729,3,"infected",180,"LZ22221"
281710,139,7,1620.4729,3,"infected",180,"LZ22221"
10593329,517,8,1620.4729,3,"infected",180,"LZ22221"
2507374,144,9,1620.4729,3,"infected",180,"LZ22221"
5500998,376,10,1620.4729,3,"infected",180,"LZ22221"
1056863,165,11,1620.4729,3,"infected",180,"LZ22221"
6530844,348,1,1724.3822,4,"infected",180,"LZ22221"
5341221,258,2,1724.3822,4,"infected",180,"LZ22221"
1119069,545,3,1724.3822,4,"infected",180,"LZ22221"
4736993,203,4,1724.3822,4,"infected",180,"LZ22221"
2074862,90,5,1724.3822,4,"infected",180,"LZ22221"
651156,245,1,1535.1393,5,"infected",180,"LZ22221"
6823401,409,2,1535.1393,5,"infected",180,"LZ22221"
370003,184,3,1535.1393,5,"infected",180,"LZ22221"
8562878,521,4,1535.1393,5,"infected",180,"LZ22221"
7743479,463,5,1535.1393,5,"infected",180,"LZ22221"
3154021,250,6,1535.1393,5,"infected",180,"LZ22221"
3131878,270,1,1976.4813,6,"infected",180,"LZ22221"
2654489,215,2,1976.4813,6,"infected",180,"LZ22221"
510809,279,3,1976.4813,6,"infected",180,"LZ22221"
9085062,580,4,1976.4813,6,"infected",180,"LZ22221"
2175055,206,5,1976.4813,6,"infected",180,"LZ22221"
6104677,366,6,1976.4813,6,"infected",180,"LZ22221"
4106924,198,7,1976.4813,6,"infected",180,"LZ22221"
2142425,155,8,1976.4813,6,"infected",180,"LZ22221"
812978,383,9,1976.4813,6,"infected",180,"LZ22221"
2094332,157,10,1976.4813,6,"infected",180,"LZ22221"
1041736,181,11,1976.4813,6,"infected",180,"LZ22221"
1513111,141,12,1976.4813,6,"infected",180,"LZ22221"
3592626,175,13,1976.4813,6,"infected",180,"LZ22221"
2793134,115,14,1976.4813,6,"infected",180,"LZ22221"
739788,164,15,1976.4813,6,"infected",180,"LZ22221"
1514991,92,16,1976.4813,6,"infected",180,"LZ22221"
2620119,177,17,1976.4813,6,"infected",180,"LZ22221"
5916319,423,18,1976.4813,6,"infected",180,"LZ22221"
603282,139,19,1976.4813,6,"infected",180,"LZ22221"
2164844,218,20,1976.4813,6,"infected",180,"LZ22221"
537745,130,21,1976.4813,6,"infected",180,"LZ22221"
343416,92,22,1976.4813,6,"infected",180,"LZ22221"
612541,154,1,1630.6541,7,"infected",180,"LZ22221"
465819,193,2,1630.6541,7,"infected",180,"LZ22221"
396218,225,3,1630.6541,7,"infected",180,"LZ22221"
465389,219,4,1630.6541,7,"infected",180,"LZ22221"
5558101,455,5,1630.6541,7,"infected",180,"LZ22221"
3780564,348,6,1630.6541,7,"infected",180,"LZ22221"
791984,296,7,1630.6541,7,"infected",180,"LZ22221"
1143628,140,8,1630.6541,7,"infected",180,"LZ22221"
290698,116,9,1630.6541,7,"infected",180,"LZ22221"
589087,92,10,1630.6541,7,"infected",180,"LZ22221"
2358759,228,1,1519.4341,8,"infected",180,"LZ22221"
253558,132,2,1519.4341,8,"infected",180,"LZ22221"
1462006,171,3,1519.4341,8,"infected",180,"LZ22221"
2137077,219,4,1519.4341,8,"infected",180,"LZ22221"
4178478,410,5,1519.4341,8,"infected",180,"LZ22221"
698411,380,6,1519.4341,8,"infected",180,"LZ22221"
1226437,253,7,1519.4341,8,"infected",180,"LZ22221"
5348332,292,8,1519.4341,8,"infected",180,"LZ22221"
382361,230,1,1596.9793,9,"infected",180,"LZ22221"
3934319,394,2,1596.9793,9,"infected",180,"LZ22221"
4253331,312,3,1596.9793,9,"infected",180,"LZ22221"
4678653,386,4,1596.9793,9,"infected",180,"LZ22221"
210131,129,5,1596.9793,9,"infected",180,"LZ22221"
326840,177,6,1596.9793,9,"infected",180,"LZ22221"
443401,178,7,1596.9793,9,"infected",180,"LZ22221"
4720207,238,8,1596.9793,9,"infected",180,"LZ22221"
939131,209,9,1596.9793,9,"infected",180,"LZ22221"
466445,89,10,1596.9793,9,"infected",180,"LZ22221"
413041,185,11,1596.9793,9,"infected",180,"LZ22221"
3446129,243,1,1699.2762,10,"infected",180,"LZ22221"
1805595,202,2,1699.2762,10,"infected",180,"LZ22221"
3041814,134,3,1699.2762,10,"infected",180,"LZ22221"
8495023,309,4,1699.2762,10,"infected",180,"LZ22221"
2156215,133,5,1699.2762,10,"infected",180,"LZ22221"
3503784,162,6,1699.2762,10,"infected",180,"LZ22221"
2352307,120,7,1699.2762,10,"infected",180,"LZ22221"
2067909,129,1,1613.4779,11,"infected",180,"LZ22221"
692480,301,2,1613.4779,11,"infected",180,"LZ22221"
1992409,144,3,1613.4779,11,"infected",180,"LZ22221"
2299219,256,4,1613.4779,11,"infected",180,"LZ22221"
1251016,127,5,1613.4779,11,"infected",180,"LZ22221"
4163512,157,6,1613.4779,11,"infected",180,"LZ22221"
2089517,105,7,1613.4779,11,"infected",180,"LZ22221"
467351,186,2,1786.2125,1,"infected",60,"LZ22221"
416688,211,3,1786.2125,1,"infected",60,"LZ22221"
445367,247,4,1786.2125,1,"infected",60,"LZ22221"
310714,172,5,1786.2125,1,"infected",60,"LZ22221"
430948,238,6,1786.2125,1,"infected",60,"LZ22221"
1177749,482,7,1786.2125,1,"infected",60,"LZ22221"
1211041,308,8,1786.2125,1,"infected",60,"LZ22221"
407663,220,9,1786.2125,1,"infected",60,"LZ22221"
739425,351,10,1786.2125,1,"infected",60,"LZ22221"
464004,245,11,1786.2125,1,"infected",60,"LZ22221"
337346,168,12,1786.2125,1,"infected",60,"LZ22221"
2287999,403,13,1786.2125,1,"infected",60,"LZ22221"
329891,163,14,1786.2125,1,"infected",60,"LZ22221"
840680,275,15,1786.2125,1,"infected",60,"LZ22221"
1114769,500,16,1786.2125,1,"infected",60,"LZ22221"
478609,257,17,1786.2125,1,"infected",60,"LZ22221"
612830,190,18,1786.2125,1,"infected",60,"LZ22221"
467968,147,19,1786.2125,1,"infected",60,"LZ22221"
1258545,573,20,1786.2125,1,"infected",60,"LZ22221"
721398,234,21,1786.2125,1,"infected",60,"LZ22221"
1066482,380,22,1786.2125,1,"infected",60,"LZ22221"
1044635,420,23,1786.2125,1,"infected",60,"LZ22221"
2013321,279,24,1786.2125,1,"infected",60,"LZ22221"
1035557,196,25,1786.2125,1,"infected",60,"LZ22221"
1740397,385,26,1786.2125,1,"infected",60,"LZ22221"
769135,198,27,1786.2125,1,"infected",60,"LZ22221"
799287,435,28,1786.2125,1,"infected",60,"LZ22221"
731502,202,29,1786.2125,1,"infected",60,"LZ22221"
985147,412,30,1786.2125,1,"infected",60,"LZ22221"
546015,256,31,1786.2125,1,"infected",60,"LZ22221"
770867,162,32,1786.2125,1,"infected",60,"LZ22221"
4103650,348,33,1786.2125,1,"infected",60,"LZ22221"
370948,124,34,1786.2125,1,"infected",60,"LZ22221"
485927,178,35,1786.2125,1,"infected",60,"LZ22221"
405587,184,36,1786.2125,1,"infected",60,"LZ22221"
282411,126,37,1786.2125,1,"infected",60,"LZ22221"
998657,462,38,1786.2125,1,"infected",60,"LZ22221"
216750,104,39,1786.2125,1,"infected",60,"LZ22221"
221295,106,40,1786.2125,1,"infected",60,"LZ22221"
148095,74,41,1786.2125,1,"infected",60,"LZ22221"
815587,392,42,1786.2125,1,"infected",60,"LZ22221"
628582,162,43,1786.2125,1,"infected",60,"LZ22221"
268473,85,44,1786.2125,1,"infected",60,"LZ22221"
949564,472,1,1582.8397,2,"infected",60,"LZ22221"
524061,268,2,1582.8397,2,"infected",60,"LZ22221"
402341,192,3,1582.8397,2,"infected",60,"LZ22221"
412035,228,4,1582.8397,2,"infected",60,"LZ22221"
461202,181,5,1582.8397,2,"infected",60,"LZ22221"
1638158,245,6,1582.8397,2,"infected",60,"LZ22221"
465820,246,7,1582.8397,2,"infected",60,"LZ22221"
202127,104,8,1582.8397,2,"infected",60,"LZ22221"
235544,127,9,1582.8397,2,"infected",60,"LZ22221"
457995,238,10,1582.8397,2,"infected",60,"LZ22221"
223238,91,11,1582.8397,2,"infected",60,"LZ22221"
478286,178,12,1582.8397,2,"infected",60,"LZ22221"
1661351,199,13,1582.8397,2,"infected",60,"LZ22221"
670362,150,14,1582.8397,2,"infected",60,"LZ22221"
754934,348,15,1582.8397,2,"infected",60,"LZ22221"
1136546,230,16,1582.8397,2,"infected",60,"LZ22221"
349289,78,17,1582.8397,2,"infected",60,"LZ22221"
1463313,500,1,1659.2273,3,"infected",60,"LZ22221"
2033761,271,2,1659.2273,3,"infected",60,"LZ22221"
1025121,528,3,1659.2273,3,"infected",60,"LZ22221"
1168524,439,4,1659.2273,3,"infected",60,"LZ22221"
381612,175,5,1659.2273,3,"infected",60,"LZ22221"
684386,197,6,1659.2273,3,"infected",60,"LZ22221"
520542,291,7,1659.2273,3,"infected",60,"LZ22221"
1336153,385,8,1659.2273,3,"infected",60,"LZ22221"
355452,208,9,1659.2273,3,"infected",60,"LZ22221"
432977,229,10,1659.2273,3,"infected",60,"LZ22221"
1452614,324,11,1659.2273,3,"infected",60,"LZ22221"
818736,477,12,1659.2273,3,"infected",60,"LZ22221"
895937,75,13,1659.2273,3,"infected",60,"LZ22221"
941762,89,14,1659.2273,3,"infected",60,"LZ22221"
1658084,402,15,1659.2273,3,"infected",60,"LZ22221"
520547,132,16,1659.2273,3,"infected",60,"LZ22221"
279329,140,17,1659.2273,3,"infected",60,"LZ22221"
357384,185,18,1659.2273,3,"infected",60,"LZ22221"
935024,254,19,1659.2273,3,"infected",60,"LZ22221"
592894,204,20,1659.2273,3,"infected",60,"LZ22221"
259767,109,21,1659.2273,3,"infected",60,"LZ22221"
1608940,350,22,1659.2273,3,"infected",60,"LZ22221"
209761,103,23,1659.2273,3,"infected",60,"LZ22221"
220861,102,24,1659.2273,3,"infected",60,"LZ22221"
640698,330,25,1659.2273,3,"infected",60,"LZ22221"
863288,241,26,1659.2273,3,"infected",60,"LZ22221"
638883,291,27,1659.2273,3,"infected",60,"LZ22221"
193351,108,28,1659.2273,3,"infected",60,"LZ22221"
1320265,366,29,1659.2273,3,"infected",60,"LZ22221"
1561728,196,30,1659.2273,3,"infected",60,"LZ22221"
1065116,469,1,1538.5034,4,"infected",60,"LZ22221"
373483,213,2,1538.5034,4,"infected",60,"LZ22221"
1223534,465,3,1538.5034,4,"infected",60,"LZ22221"
372018,211,4,1538.5034,4,"infected",60,"LZ22221"
398401,228,5,1538.5034,4,"infected",60,"LZ22221"
438867,250,6,1538.5034,4,"infected",60,"LZ22221"
826566,302,7,1538.5034,4,"infected",60,"LZ22221"
476280,153,8,1538.5034,4,"infected",60,"LZ22221"
2247231,426,1,1523.4585,5,"infected",60,"LZ22221"
461196,181,2,1523.4585,5,"infected",60,"LZ22221"
1285623,349,3,1523.4585,5,"infected",60,"LZ22221"
407673,242,4,1523.4585,5,"infected",60,"LZ22221"
393618,216,5,1523.4585,5,"infected",60,"LZ22221"
484673,130,6,1523.4585,5,"infected",60,"LZ22221"
376412,117,7,1523.4585,5,"infected",60,"LZ22221"
218560,104,8,1523.4585,5,"infected",60,"LZ22221"
768311,458,1,1511.9848,6,"infected",60,"LZ22221"
261883,141,2,1511.9848,6,"infected",60,"LZ22221"
727771,382,3,1511.9848,6,"infected",60,"LZ22221"
574421,290,4,1511.9848,6,"infected",60,"LZ22221"
543871,156,5,1511.9848,6,"infected",60,"LZ22221"
1030743,227,6,1511.9848,6,"infected",60,"LZ22221"
877362,321,7,1511.9848,6,"infected",60,"LZ22221"
232508,144,8,1511.9848,6,"infected",60,"LZ22221"
492493,136,9,1511.9848,6,"infected",60,"LZ22221"
167929,69,10,1511.9848,6,"infected",60,"LZ22221"
540877,302,1,1566.1583,7,"infected",60,"LZ22221"
321154,171,2,1566.1583,7,"infected",60,"LZ22221"
755252,370,3,1566.1583,7,"infected",60,"LZ22221"
498544,282,1,1589.7918,8,"infected",60,"LZ22221"
696623,370,2,1589.7918,8,"infected",60,"LZ22221"
804031,362,3,1589.7918,8,"infected",60,"LZ22221"
784841,302,4,1589.7918,8,"infected",60,"LZ22221"
2180525,284,5,1589.7918,8,"infected",60,"LZ22221"
1021474,452,6,1589.7918,8,"infected",60,"LZ22221"
322233,134,7,1589.7918,8,"infected",60,"LZ22221"
315176,178,8,1589.7918,8,"infected",60,"LZ22221"
681235,385,9,1589.7918,8,"infected",60,"LZ22221"
883061,426,10,1589.7918,8,"infected",60,"LZ22221"
476283,168,11,1589.7918,8,"infected",60,"LZ22221"
428458,131,12,1589.7918,8,"infected",60,"LZ22221"
327750,173,13,1589.7918,8,"infected",60,"LZ22221"
233768,117,14,1589.7918,8,"infected",60,"LZ22221"
319835,159,15,1589.7918,8,"infected",60,"LZ22221"
227514,109,16,1589.7918,8,"infected",60,"LZ22221"
159558,84,17,1589.7918,8,"infected",60,"LZ22221"
267053,139,18,1589.7918,8,"infected",60,"LZ22221"
1399308,343,1,1648.4363,9,"infected",60,"LZ22221"
1641202,223,2,1648.4363,9,"infected",60,"LZ22221"
562000,308,3,1648.4363,9,"infected",60,"LZ22221"
482628,263,4,1648.4363,9,"infected",60,"LZ22221"
940665,377,5,1648.4363,9,"infected",60,"LZ22221"
1324395,265,6,1648.4363,9,"infected",60,"LZ22221"
1361206,178,7,1648.4363,9,"infected",60,"LZ22221"
1998803,276,8,1648.4363,9,"infected",60,"LZ22221"
1076862,230,9,1648.4363,9,"infected",60,"LZ22221"
837555,395,10,1648.4363,9,"infected",60,"LZ22221"
1207394,75,11,1648.4363,9,"infected",60,"LZ22221"
1351940,85,12,1648.4363,9,"infected",60,"LZ22221"
960620,480,1,1518.8234,10,"infected",60,"LZ22221"
1354998,465,2,1518.8234,10,"infected",60,"LZ22221"
664394,326,3,1518.8234,10,"infected",60,"LZ22221"
791136,385,4,1518.8234,10,"infected",60,"LZ22221"
349298,173,5,1518.8234,10,"infected",60,"LZ22221"
268199,78,6,1518.8234,10,"infected",60,"LZ22221"
147219,88,7,1518.8234,10,"infected",60,"LZ22221"
193694,113,8,1518.8234,10,"infected",60,"LZ22221"
384508,211,9,1518.8234,10,"infected",60,"LZ22221"
311177,180,10,1518.8234,10,"infected",60,"LZ22221"
373382,165,2,1637.9133,1,"infected",60,"LZ22221"
293493,167,3,1637.9133,1,"infected",60,"LZ22221"
1414884,341,4,1637.9133,1,"infected",60,"LZ22221"
858539,189,5,1637.9133,1,"infected",60,"LZ22221"
1265775,285,6,1637.9133,1,"infected",60,"LZ22221"
746896,370,7,1637.9133,1,"infected",60,"LZ22221"
1479844,175,8,1637.9133,1,"infected",60,"LZ22221"
460767,135,9,1637.9133,1,"infected",60,"LZ22221"
417606,197,10,1637.9133,1,"infected",60,"LZ22221"
326534,172,11,1637.9133,1,"infected",60,"LZ22221"
217898,113,12,1637.9133,1,"infected",60,"LZ22221"
456346,185,13,1637.9133,1,"infected",60,"LZ22221"
235398,81,14,1637.9133,1,"infected",60,"LZ22221"
387419,232,1,1515.7815,2,"infected",60,"LZ22221"
894927,510,2,1515.7815,2,"infected",60,"LZ22221"
719443,429,3,1515.7815,2,"infected",60,"LZ22221"
602543,260,4,1515.7815,2,"infected",60,"LZ22221"
390370,157,5,1515.7815,2,"infected",60,"LZ22221"
309222,129,6,1515.7815,2,"infected",60,"LZ22221"
632832,367,7,1515.7815,2,"infected",60,"LZ22221"
285968,164,8,1515.7815,2,"infected",60,"LZ22221"
342534,195,9,1515.7815,2,"infected",60,"LZ22221"
476835,135,10,1515.7815,2,"infected",60,"LZ22221"
900354,535,1,1554.3688,3,"infected",60,"LZ22221"
559908,334,2,1554.3688,3,"infected",60,"LZ22221"
1204022,515,3,1554.3688,3,"infected",60,"LZ22221"
1000460,346,4,1554.3688,3,"infected",60,"LZ22221"
522140,164,5,1554.3688,3,"infected",60,"LZ22221"
697723,398,6,1554.3688,3,"infected",60,"LZ22221"
905174,532,7,1554.3688,3,"infected",60,"LZ22221"
1059345,473,8,1554.3688,3,"infected",60,"LZ22221"
814185,359,9,1554.3688,3,"infected",60,"LZ22221"
1719076,159,10,1554.3688,3,"infected",60,"LZ22221"
393509,88,11,1554.3688,3,"infected",60,"LZ22221"
575776,226,12,1554.3688,3,"infected",60,"LZ22221"
391234,139,13,1554.3688,3,"infected",60,"LZ22221"
337720,207,1,1477.1837,4,"infected",60,"LZ22221"
487227,302,2,1477.1837,4,"infected",60,"LZ22221"
1257656,367,3,1477.1837,4,"infected",60,"LZ22221"
3105051,245,4,1477.1837,4,"infected",60,"LZ22221"
854938,527,5,1477.1837,4,"infected",60,"LZ22221"
376355,235,6,1477.1837,4,"infected",60,"LZ22221"
347775,164,7,1477.1837,4,"infected",60,"LZ22221"
455961,277,8,1477.1837,4,"infected",60,"LZ22221"
542251,338,9,1477.1837,4,"infected",60,"LZ22221"
227337,102,10,1477.1837,4,"infected",60,"LZ22221"
564738,235,11,1477.1837,4,"infected",60,"LZ22221"
391960,149,12,1477.1837,4,"infected",60,"LZ22221"
485385,232,13,1477.1837,4,"infected",60,"LZ22221"
1201829,386,1,1564.6405,5,"infected",60,"LZ22221"
660821,367,2,1564.6405,5,"infected",60,"LZ22221"
836423,292,3,1564.6405,5,"infected",60,"LZ22221"
1469476,420,4,1564.6405,5,"infected",60,"LZ22221"
564374,244,1,1502.772,6,"infected",60,"LZ22221"
484796,205,2,1502.772,6,"infected",60,"LZ22221"
589573,311,3,1502.772,6,"infected",60,"LZ22221"
939804,373,4,1502.772,6,"infected",60,"LZ22221"
604858,357,5,1502.772,6,"infected",60,"LZ22221"
473855,279,6,1502.772,6,"infected",60,"LZ22221"
419757,222,7,1502.772,6,"infected",60,"LZ22221"
195077,89,8,1502.772,6,"infected",60,"LZ22221"
232297,135,9,1502.772,6,"infected",60,"LZ22221"
229855,93,10,1502.772,6,"infected",60,"LZ22221"
207478,95,11,1502.772,6,"infected",60,"LZ22221"
202442,87,12,1502.772,6,"infected",60,"LZ22221"
485520,121,13,1502.772,6,"infected",60,"LZ22221"
2003613,343,1,1510.1004,7,"infected",60,"LZ22221"
1539310,522,2,1510.1004,7,"infected",60,"LZ22221"
689019,179,3,1510.1004,7,"infected",60,"LZ22221"
595459,356,4,1510.1004,7,"infected",60,"LZ22221"
562066,330,5,1510.1004,7,"infected",60,"LZ22221"
496985,298,6,1510.1004,7,"infected",60,"LZ22221"
639747,363,7,1510.1004,7,"infected",60,"LZ22221"
769088,201,8,1510.1004,7,"infected",60,"LZ22221"
537323,94,9,1510.1004,7,"infected",60,"LZ22221"
344034,201,10,1510.1004,7,"infected",60,"LZ22221"
1200448,289,11,1510.1004,7,"infected",60,"LZ22221"
354157,119,12,1510.1004,7,"infected",60,"LZ22221"
1026021,537,1,1478.9091,8,"infected",60,"LZ22221"
841793,538,2,1478.9091,8,"infected",60,"LZ22221"
342959,193,3,1478.9091,8,"infected",60,"LZ22221"
592197,241,4,1478.9091,8,"infected",60,"LZ22221"
565314,339,5,1478.9091,8,"infected",60,"LZ22221"
387883,205,6,1478.9091,8,"infected",60,"LZ22221"
135951,80,7,1478.9091,8,"infected",60,"LZ22221"
133230,77,8,1478.9091,8,"infected",60,"LZ22221"
152226,86,9,1478.9091,8,"infected",60,"LZ22221"
220264,132,10,1478.9091,8,"infected",60,"LZ22221"
244849,138,11,1478.9091,8,"infected",60,"LZ22221"
216515,125,12,1478.9091,8,"infected",60,"LZ22221"
407448,241,13,1478.9091,8,"infected",60,"LZ22221"
266516,130,14,1478.9091,8,"infected",60,"LZ22221"
402032,133,15,1478.9091,8,"infected",60,"LZ22221"
502980,130,16,1478.9091,8,"infected",60,"LZ22221"
218214,119,17,1478.9091,8,"infected",60,"LZ22221"
602487,93,18,1478.9091,8,"infected",60,"LZ22221"
1446429,176,19,1478.9091,8,"infected",60,"LZ22221"
685182,385,1,1534.2931,9,"infected",60,"LZ22221"
703196,311,2,1534.2931,9,"infected",60,"LZ22221"
761955,325,3,1534.2931,9,"infected",60,"LZ22221"
1208283,325,4,1534.2931,9,"infected",60,"LZ22221"
275162,145,5,1534.2931,9,"infected",60,"LZ22221"
502331,267,6,1534.2931,9,"infected",60,"LZ22221"
1386495,238,1,1582.2804,10,"infected",60,"LZ22221"
1484600,390,2,1582.2804,10,"infected",60,"LZ22221"
671458,373,3,1582.2804,10,"infected",60,"LZ22221"
537888,293,4,1582.2804,10,"infected",60,"LZ22221"
396783,223,5,1582.2804,10,"infected",60,"LZ22221"
417997,246,6,1582.2804,10,"infected",60,"LZ22221"
623597,344,7,1582.2804,10,"infected",60,"LZ22221"
439069,250,8,1582.2804,10,"infected",60,"LZ22221"
224245,113,9,1582.2804,10,"infected",60,"LZ22221"
349281,159,10,1582.2804,10,"infected",60,"LZ22221"
1544703,305,11,1582.2804,10,"infected",60,"LZ22221"
2123668,373,12,1582.2804,10,"infected",60,"LZ22221"
2526306,461,13,1582.2804,10,"infected",60,"LZ22221"
505902,257,1,1662.0961,2,"uninfected",120,"LZ22221"
610228,299,2,1662.0961,2,"uninfected",120,"LZ22221"
148835,72,3,1662.0961,2,"uninfected",120,"LZ22221"
182831,81,4,1662.0961,2,"uninfected",120,"LZ22221"
259625,117,5,1662.0961,2,"uninfected",120,"LZ22221"
369484,174,6,1662.0961,2,"uninfected",120,"LZ22221"
238855,111,7,1662.0961,2,"uninfected",120,"LZ22221"
205270,98,8,1662.0961,2,"uninfected",120,"LZ22221"
468005,251,1,1607.9951,3,"uninfected",120,"LZ22221"
749060,397,2,1607.9951,3,"uninfected",120,"LZ22221"
1323292,674,3,1607.9951,3,"uninfected",120,"LZ22221"
456685,228,4,1607.9951,3,"uninfected",120,"LZ22221"
605934,316,1,1633.2832,4,"uninfected",120,"LZ22221"
397597,199,2,1633.2832,4,"uninfected",120,"LZ22221"
743254,395,3,1633.2832,4,"uninfected",120,"LZ22221"
297919,148,4,1633.2832,4,"uninfected",120,"LZ22221"
334821,176,5,1633.2832,4,"uninfected",120,"LZ22221"
936705,487,6,1633.2832,4,"uninfected",120,"LZ22221"
1123331,584,7,1633.2832,4,"uninfected",120,"LZ22221"
452342,238,8,1633.2832,4,"uninfected",120,"LZ22221"
341484,143,9,1633.2832,4,"uninfected",120,"LZ22221"
468720,221,10,1633.2832,4,"uninfected",120,"LZ22221"
353315,168,11,1633.2832,4,"uninfected",120,"LZ22221"
400135,198,12,1633.2832,4,"uninfected",120,"LZ22221"
372470,179,13,1633.2832,4,"uninfected",120,"LZ22221"
615081,342,1,1611.3181,5,"uninfected",120,"LZ22221"
810898,442,2,1611.3181,5,"uninfected",120,"LZ22221"
1028506,563,3,1611.3181,5,"uninfected",120,"LZ22221"
401722,220,4,1611.3181,5,"uninfected",120,"LZ22221"
370688,207,5,1611.3181,5,"uninfected",120,"LZ22221"
340671,178,6,1611.3181,5,"uninfected",120,"LZ22221"
998238,544,7,1611.3181,5,"uninfected",120,"LZ22221"
499954,276,8,1611.3181,5,"uninfected",120,"LZ22221"
639774,336,9,1611.3181,5,"uninfected",120,"LZ22221"
809645,437,10,1611.3181,5,"uninfected",120,"LZ22221"
590253,316,11,1611.3181,5,"uninfected",120,"LZ22221"
637741,310,12,1611.3181,5,"uninfected",120,"LZ22221"
273544,126,13,1611.3181,5,"uninfected",120,"LZ22221"
322791,170,14,1611.3181,5,"uninfected",120,"LZ22221"
335382,165,15,1611.3181,5,"uninfected",120,"LZ22221"
215997,101,16,1611.3181,5,"uninfected",120,"LZ22221"
328635,169,17,1611.3181,5,"uninfected",120,"LZ22221"
603554,301,18,1611.3181,5,"uninfected",120,"LZ22221"
215892,111,19,1611.3181,5,"uninfected",120,"LZ22221"
262905,136,20,1611.3181,5,"uninfected",120,"LZ22221"
314869,164,21,1611.3181,5,"uninfected",120,"LZ22221"
262076,135,22,1611.3181,5,"uninfected",120,"LZ22221"
434817,214,23,1611.3181,5,"uninfected",120,"LZ22221"
290830,140,24,1611.3181,5,"uninfected",120,"LZ22221"
240536,107,25,1611.3181,5,"uninfected",120,"LZ22221"
687666,352,26,1611.3181,5,"uninfected",120,"LZ22221"
293283,148,27,1611.3181,5,"uninfected",120,"LZ22221"
444029,219,28,1611.3181,5,"uninfected",120,"LZ22221"
741692,409,1,1559.5333,6,"uninfected",120,"LZ22221"
422196,246,2,1559.5333,6,"uninfected",120,"LZ22221"
825782,469,3,1559.5333,6,"uninfected",120,"LZ22221"
474344,258,4,1559.5333,6,"uninfected",120,"LZ22221"
449228,242,5,1559.5333,6,"uninfected",120,"LZ22221"
1051113,545,1,1651.7187,7,"uninfected",120,"LZ22221"
412277,220,2,1651.7187,7,"uninfected",120,"LZ22221"
608748,320,3,1651.7187,7,"uninfected",120,"LZ22221"
424454,219,4,1651.7187,7,"uninfected",120,"LZ22221"
281092,138,5,1651.7187,7,"uninfected",120,"LZ22221"
340917,171,6,1651.7187,7,"uninfected",120,"LZ22221"
577574,322,1,1602.1247,8,"uninfected",120,"LZ22221"
342006,195,2,1602.1247,8,"uninfected",120,"LZ22221"
257653,141,3,1602.1247,8,"uninfected",120,"LZ22221"
823650,449,4,1602.1247,8,"uninfected",120,"LZ22221"
679828,380,5,1602.1247,8,"uninfected",120,"LZ22221"
810305,445,6,1602.1247,8,"uninfected",120,"LZ22221"
447251,249,7,1602.1247,8,"uninfected",120,"LZ22221"
445524,250,8,1602.1247,8,"uninfected",120,"LZ22221"
938829,523,9,1602.1247,8,"uninfected",120,"LZ22221"
432439,242,10,1602.1247,8,"uninfected",120,"LZ22221"
647397,360,11,1602.1247,8,"uninfected",120,"LZ22221"
278938,155,12,1602.1247,8,"uninfected",120,"LZ22221"
547580,305,13,1602.1247,8,"uninfected",120,"LZ22221"
360026,200,14,1602.1247,8,"uninfected",120,"LZ22221"
282489,151,15,1602.1247,8,"uninfected",120,"LZ22221"
305909,156,16,1602.1247,8,"uninfected",120,"LZ22221"
348946,202,17,1602.1247,8,"uninfected",120,"LZ22221"
739731,396,18,1602.1247,8,"uninfected",120,"LZ22221"
644789,347,19,1602.1247,8,"uninfected",120,"LZ22221"
390581,213,20,1602.1247,8,"uninfected",120,"LZ22221"
196517,107,21,1602.1247,8,"uninfected",120,"LZ22221"
208613,112,22,1602.1247,8,"uninfected",120,"LZ22221"
308965,170,23,1602.1247,8,"uninfected",120,"LZ22221"
371906,195,24,1602.1247,8,"uninfected",120,"LZ22221"
361428,185,25,1602.1247,8,"uninfected",120,"LZ22221"
235844,128,26,1602.1247,8,"uninfected",120,"LZ22221"
524978,290,27,1602.1247,8,"uninfected",120,"LZ22221"
245810,127,28,1602.1247,8,"uninfected",120,"LZ22221"
222789,113,29,1602.1247,8,"uninfected",120,"LZ22221"
670354,350,30,1602.1247,8,"uninfected",120,"LZ22221"
582295,291,31,1602.1247,8,"uninfected",120,"LZ22221"
497983,248,32,1602.1247,8,"uninfected",120,"LZ22221"
250146,129,33,1602.1247,8,"uninfected",120,"LZ22221"
381384,216,1,1563.626,9,"uninfected",120,"LZ22221"
206000,123,2,1563.626,9,"uninfected",120,"LZ22221"
215805,125,3,1563.626,9,"uninfected",120,"LZ22221"
989158,539,4,1563.626,9,"uninfected",120,"LZ22221"
350283,195,5,1563.626,9,"uninfected",120,"LZ22221"
314381,172,6,1563.626,9,"uninfected",120,"LZ22221"
273655,155,7,1563.626,9,"uninfected",120,"LZ22221"
470831,265,8,1563.626,9,"uninfected",120,"LZ22221"
113034,64,9,1563.626,9,"uninfected",120,"LZ22221"
67323,38,10,1563.626,9,"uninfected",120,"LZ22221"
372567,215,1,1556.3302,10,"uninfected",120,"LZ22221"
536658,307,2,1556.3302,10,"uninfected",120,"LZ22221"
608966,353,3,1556.3302,10,"uninfected",120,"LZ22221"
299159,162,4,1556.3302,10,"uninfected",120,"LZ22221"
299183,172,5,1556.3302,10,"uninfected",120,"LZ22221"
275323,139,6,1556.3302,10,"uninfected",120,"LZ22221"
251718,122,7,1556.3302,10,"uninfected",120,"LZ22221"
574997,311,8,1556.3302,10,"uninfected",120,"LZ22221"
145196,81,9,1556.3302,10,"uninfected",120,"LZ22221"
1053676,533,2,1656.8784,1,"uninfected",120,"LZ22221"
584775,314,3,1656.8784,1,"uninfected",120,"LZ22221"
854776,440,4,1656.8784,1,"uninfected",120,"LZ22221"
315547,170,1,1587.1437,2,"uninfected",120,"LZ22221"
251497,138,2,1587.1437,2,"uninfected",120,"LZ22221"
324262,175,3,1587.1437,2,"uninfected",120,"LZ22221"
637082,348,4,1587.1437,2,"uninfected",120,"LZ22221"
324184,189,5,1587.1437,2,"uninfected",120,"LZ22221"
314500,171,6,1587.1437,2,"uninfected",120,"LZ22221"
401730,222,7,1587.1437,2,"uninfected",120,"LZ22221"
608757,327,8,1587.1437,2,"uninfected",120,"LZ22221"
292486,154,9,1587.1437,2,"uninfected",120,"LZ22221"
1135538,605,10,1587.1437,2,"uninfected",120,"LZ22221"
575636,297,11,1587.1437,2,"uninfected",120,"LZ22221"
236657,128,12,1587.1437,2,"uninfected",120,"LZ22221"
1087532,625,1,1571.7213,3,"uninfected",120,"LZ22221"
370047,218,2,1571.7213,3,"uninfected",120,"LZ22221"
663083,385,3,1571.7213,3,"uninfected",120,"LZ22221"
568321,331,4,1571.7213,3,"uninfected",120,"LZ22221"
421096,245,5,1571.7213,3,"uninfected",120,"LZ22221"
281570,163,6,1571.7213,3,"uninfected",120,"LZ22221"
446668,250,7,1571.7213,3,"uninfected",120,"LZ22221"
377985,214,8,1571.7213,3,"uninfected",120,"LZ22221"
502268,281,9,1571.7213,3,"uninfected",120,"LZ22221"
464512,272,10,1571.7213,3,"uninfected",120,"LZ22221"
325546,188,11,1571.7213,3,"uninfected",120,"LZ22221"
482363,282,12,1571.7213,3,"uninfected",120,"LZ22221"
888211,509,13,1571.7213,3,"uninfected",120,"LZ22221"
421322,244,14,1571.7213,3,"uninfected",120,"LZ22221"
322150,181,15,1571.7213,3,"uninfected",120,"LZ22221"
385298,224,16,1571.7213,3,"uninfected",120,"LZ22221"
358058,207,17,1571.7213,3,"uninfected",120,"LZ22221"
535223,316,18,1571.7213,3,"uninfected",120,"LZ22221"
445081,262,19,1571.7213,3,"uninfected",120,"LZ22221"
841300,486,20,1571.7213,3,"uninfected",120,"LZ22221"
339372,193,21,1571.7213,3,"uninfected",120,"LZ22221"
303069,163,22,1571.7213,3,"uninfected",120,"LZ22221"
615026,355,23,1571.7213,3,"uninfected",120,"LZ22221"
241407,141,24,1571.7213,3,"uninfected",120,"LZ22221"
400507,233,25,1571.7213,3,"uninfected",120,"LZ22221"
698543,388,26,1571.7213,3,"uninfected",120,"LZ22221"
435317,249,27,1571.7213,3,"uninfected",120,"LZ22221"
942003,540,28,1571.7213,3,"uninfected",120,"LZ22221"
363094,208,29,1571.7213,3,"uninfected",120,"LZ22221"
335527,190,30,1571.7213,3,"uninfected",120,"LZ22221"
271421,156,31,1571.7213,3,"uninfected",120,"LZ22221"
619692,349,32,1571.7213,3,"uninfected",120,"LZ22221"
379060,217,33,1571.7213,3,"uninfected",120,"LZ22221"
564729,313,34,1571.7213,3,"uninfected",120,"LZ22221"
315680,162,35,1571.7213,3,"uninfected",120,"LZ22221"
339624,163,36,1571.7213,3,"uninfected",120,"LZ22221"
158345,81,37,1571.7213,3,"uninfected",120,"LZ22221"
213876,107,38,1571.7213,3,"uninfected",120,"LZ22221"
407107,224,39,1571.7213,3,"uninfected",120,"LZ22221"
197721,115,40,1571.7213,3,"uninfected",120,"LZ22221"
292687,168,41,1571.7213,3,"uninfected",120,"LZ22221"
270270,150,42,1571.7213,3,"uninfected",120,"LZ22221"
129943,71,43,1571.7213,3,"uninfected",120,"LZ22221"
668979,353,44,1571.7213,3,"uninfected",120,"LZ22221"
191347,115,45,1571.7213,3,"uninfected",120,"LZ22221"
638629,353,46,1571.7213,3,"uninfected",120,"LZ22221"
292765,147,47,1571.7213,3,"uninfected",120,"LZ22221"
305450,143,48,1571.7213,3,"uninfected",120,"LZ22221"
157499,88,49,1571.7213,3,"uninfected",120,"LZ22221"
288796,156,50,1571.7213,3,"uninfected",120,"LZ22221"
232636,126,51,1571.7213,3,"uninfected",120,"LZ22221"
99530,55,52,1571.7213,3,"uninfected",120,"LZ22221"
293577,162,53,1571.7213,3,"uninfected",120,"LZ22221"
208322,115,54,1571.7213,3,"uninfected",120,"LZ22221"
250178,137,55,1571.7213,3,"uninfected",120,"LZ22221"
705267,404,56,1571.7213,3,"uninfected",120,"LZ22221"
276373,151,57,1571.7213,3,"uninfected",120,"LZ22221"
246926,131,58,1571.7213,3,"uninfected",120,"LZ22221"
197026,110,59,1571.7213,3,"uninfected",120,"LZ22221"
178362,99,60,1571.7213,3,"uninfected",120,"LZ22221"
177116,95,61,1571.7213,3,"uninfected",120,"LZ22221"
231442,131,1,1559.8072,4,"uninfected",120,"LZ22221"
292815,169,2,1559.8072,4,"uninfected",120,"LZ22221"
351938,204,3,1559.8072,4,"uninfected",120,"LZ22221"
388868,222,4,1559.8072,4,"uninfected",120,"LZ22221"
646956,316,5,1559.8072,4,"uninfected",120,"LZ22221"
256824,137,6,1559.8072,4,"uninfected",120,"LZ22221"
161388,91,7,1559.8072,4,"uninfected",120,"LZ22221"
613842,320,8,1559.8072,4,"uninfected",120,"LZ22221"
608302,331,9,1559.8072,4,"uninfected",120,"LZ22221"
687653,384,10,1559.8072,4,"uninfected",120,"LZ22221"
554715,314,1,1557.9401,5,"uninfected",120,"LZ22221"
671039,386,2,1557.9401,5,"uninfected",120,"LZ22221"
857925,479,3,1557.9401,5,"uninfected",120,"LZ22221"
444640,258,4,1557.9401,5,"uninfected",120,"LZ22221"
759578,428,5,1557.9401,5,"uninfected",120,"LZ22221"
1004972,579,6,1557.9401,5,"uninfected",120,"LZ22221"
352011,198,7,1557.9401,5,"uninfected",120,"LZ22221"
441611,238,8,1557.9401,5,"uninfected",120,"LZ22221"
208066,113,9,1557.9401,5,"uninfected",120,"LZ22221"
331915,182,10,1557.9401,5,"uninfected",120,"LZ22221"
578215,306,11,1557.9401,5,"uninfected",120,"LZ22221"
309456,165,12,1557.9401,5,"uninfected",120,"LZ22221"
466996,239,13,1557.9401,5,"uninfected",120,"LZ22221"
271149,140,14,1557.9401,5,"uninfected",120,"LZ22221"
386079,211,1,1600.154,6,"uninfected",120,"LZ22221"
576501,303,2,1600.154,6,"uninfected",120,"LZ22221"
631768,342,3,1600.154,6,"uninfected",120,"LZ22221"
669550,358,4,1600.154,6,"uninfected",120,"LZ22221"
428304,237,5,1600.154,6,"uninfected",120,"LZ22221"
304951,153,6,1600.154,6,"uninfected",120,"LZ22221"
282686,128,7,1600.154,6,"uninfected",120,"LZ22221"
225138,116,8,1600.154,6,"uninfected",120,"LZ22221"
485733,273,1,1551.0699,7,"uninfected",120,"LZ22221"
568214,321,2,1551.0699,7,"uninfected",120,"LZ22221"
525296,304,3,1551.0699,7,"uninfected",120,"LZ22221"
460461,263,4,1551.0699,7,"uninfected",120,"LZ22221"
472851,269,5,1551.0699,7,"uninfected",120,"LZ22221"
416697,230,6,1551.0699,7,"uninfected",120,"LZ22221"
260908,139,7,1551.0699,7,"uninfected",120,"LZ22221"
469249,249,8,1551.0699,7,"uninfected",120,"LZ22221"
361908,193,9,1551.0699,7,"uninfected",120,"LZ22221"
533023,295,10,1551.0699,7,"uninfected",120,"LZ22221"
685220,382,1,1543.1533,8,"uninfected",120,"LZ22221"
391938,224,2,1543.1533,8,"uninfected",120,"LZ22221"
689499,375,3,1543.1533,8,"uninfected",120,"LZ22221"
782979,461,1,1520.6551,9,"uninfected",120,"LZ22221"
678675,411,2,1520.6551,9,"uninfected",120,"LZ22221"
522221,309,3,1520.6551,9,"uninfected",120,"LZ22221"
238844,137,4,1520.6551,9,"uninfected",120,"LZ22221"
570425,342,5,1520.6551,9,"uninfected",120,"LZ22221"
629893,375,6,1520.6551,9,"uninfected",120,"LZ22221"
317524,196,7,1520.6551,9,"uninfected",120,"LZ22221"
339851,200,8,1520.6551,9,"uninfected",120,"LZ22221"
669953,400,9,1520.6551,9,"uninfected",120,"LZ22221"
975636,560,10,1520.6551,9,"uninfected",120,"LZ22221"
376199,226,11,1520.6551,9,"uninfected",120,"LZ22221"
375281,209,12,1520.6551,9,"uninfected",120,"LZ22221"
406755,235,13,1520.6551,9,"uninfected",120,"LZ22221"
287677,162,14,1520.6551,9,"uninfected",120,"LZ22221"
422219,244,15,1520.6551,9,"uninfected",120,"LZ22221"
812539,465,16,1520.6551,9,"uninfected",120,"LZ22221"
294442,160,17,1520.6551,9,"uninfected",120,"LZ22221"
1245127,649,18,1520.6551,9,"uninfected",120,"LZ22221"
156311,86,19,1520.6551,9,"uninfected",120,"LZ22221"
304819,174,20,1520.6551,9,"uninfected",120,"LZ22221"
294920,158,21,1520.6551,9,"uninfected",120,"LZ22221"
234729,142,22,1520.6551,9,"uninfected",120,"LZ22221"
247603,143,23,1520.6551,9,"uninfected",120,"LZ22221"
538183,316,1,1512.9419,10,"uninfected",120,"LZ22221"
868752,510,2,1512.9419,10,"uninfected",120,"LZ22221"
644144,374,3,1512.9419,10,"uninfected",120,"LZ22221"
305964,183,4,1512.9419,10,"uninfected",120,"LZ22221"
804291,480,5,1512.9419,10,"uninfected",120,"LZ22221"
353271,218,6,1512.9419,10,"uninfected",120,"LZ22221"
969242,552,7,1512.9419,10,"uninfected",120,"LZ22221"
337322,191,8,1512.9419,10,"uninfected",120,"LZ22221"
386754,221,9,1512.9419,10,"uninfected",120,"LZ22221"
853802,468,1,1538.7491,2,"uninfected",180,"LZ22221"
520945,300,1,1537.409,3,"uninfected",180,"LZ22221"
739033,423,3,1537.409,3,"uninfected",180,"LZ22221"
386071,196,4,1537.409,3,"uninfected",180,"LZ22221"
164242,82,5,1537.409,3,"uninfected",180,"LZ22221"
274350,152,6,1537.409,3,"uninfected",180,"LZ22221"
281053,166,1,1508.2709,4,"uninfected",180,"LZ22221"
329280,199,1,1507.7889,5,"uninfected",180,"LZ22221"
456914,267,2,1507.7889,5,"uninfected",180,"LZ22221"
183323,111,3,1507.7889,5,"uninfected",180,"LZ22221"
816782,490,1,1512.9466,6,"uninfected",180,"LZ22221"
333753,201,3,1512.9466,6,"uninfected",180,"LZ22221"
309103,174,4,1512.9466,6,"uninfected",180,"LZ22221"
260717,145,5,1512.9466,6,"uninfected",180,"LZ22221"
374736,223,1,1502.0701,7,"uninfected",180,"LZ22221"
781248,418,2,1502.0701,7,"uninfected",180,"LZ22221"
283328,136,2,1612.9265,1,"uninfected",180,"LZ22221"
588323,274,3,1612.9265,1,"uninfected",180,"LZ22221"
510585,226,4,1612.9265,1,"uninfected",180,"LZ22221"
139833,70,5,1612.9265,1,"uninfected",180,"LZ22221"
376509,175,6,1612.9265,1,"uninfected",180,"LZ22221"
317067,153,7,1612.9265,1,"uninfected",180,"LZ22221"
376746,200,1,1577.3315,2,"uninfected",180,"LZ22221"
428278,202,2,1577.3315,2,"uninfected",180,"LZ22221"
198535,92,3,1577.3315,2,"uninfected",180,"LZ22221"
439328,187,4,1577.3315,2,"uninfected",180,"LZ22221"
187474,82,5,1577.3315,2,"uninfected",180,"LZ22221"
185019,78,6,1577.3315,2,"uninfected",180,"LZ22221"
448373,239,1,1590.7053,3,"uninfected",180,"LZ22221"
946103,480,2,1590.7053,3,"uninfected",180,"LZ22221"
273087,148,3,1590.7053,3,"uninfected",180,"LZ22221"
759685,410,4,1590.7053,3,"uninfected",180,"LZ22221"
454457,248,5,1590.7053,3,"uninfected",180,"LZ22221"
342080,177,6,1590.7053,3,"uninfected",180,"LZ22221"
478011,233,7,1590.7053,3,"uninfected",180,"LZ22221"
257823,125,8,1590.7053,3,"uninfected",180,"LZ22221"
253881,128,9,1590.7053,3,"uninfected",180,"LZ22221"
345589,174,10,1590.7053,3,"uninfected",180,"LZ22221"
482368,218,11,1590.7053,3,"uninfected",180,"LZ22221"
471111,204,12,1590.7053,3,"uninfected",180,"LZ22221"
398979,184,13,1590.7053,3,"uninfected",180,"LZ22221"
300865,144,14,1590.7053,3,"uninfected",180,"LZ22221"
409622,193,15,1590.7053,3,"uninfected",180,"LZ22221"
190595,88,16,1590.7053,3,"uninfected",180,"LZ22221"
160855,86,17,1590.7053,3,"uninfected",180,"LZ22221"
488944,280,1,1528.6346,4,"uninfected",180,"LZ22221"
370952,219,2,1528.6346,4,"uninfected",180,"LZ22221"
745805,432,3,1528.6346,4,"uninfected",180,"LZ22221"
398140,233,4,1528.6346,4,"uninfected",180,"LZ22221"
276653,164,5,1528.6346,4,"uninfected",180,"LZ22221"
518458,296,6,1528.6346,4,"uninfected",180,"LZ22221"
491020,273,7,1528.6346,4,"uninfected",180,"LZ22221"
600230,340,8,1528.6346,4,"uninfected",180,"LZ22221"
356413,207,9,1528.6346,4,"uninfected",180,"LZ22221"
349312,207,10,1528.6346,4,"uninfected",180,"LZ22221"
195782,108,11,1528.6346,4,"uninfected",180,"LZ22221"
665659,373,12,1528.6346,4,"uninfected",180,"LZ22221"
570743,316,13,1528.6346,4,"uninfected",180,"LZ22221"
178394,100,14,1528.6346,4,"uninfected",180,"LZ22221"
379144,206,15,1528.6346,4,"uninfected",180,"LZ22221"
260894,136,16,1528.6346,4,"uninfected",180,"LZ22221"
274760,139,17,1528.6346,4,"uninfected",180,"LZ22221"
160234,84,18,1528.6346,4,"uninfected",180,"LZ22221"
189285,103,19,1528.6346,4,"uninfected",180,"LZ22221"
174417,91,20,1528.6346,4,"uninfected",180,"LZ22221"
201024,103,21,1528.6346,4,"uninfected",180,"LZ22221"
326447,174,22,1528.6346,4,"uninfected",180,"LZ22221"
297904,156,23,1528.6346,4,"uninfected",180,"LZ22221"
219689,120,24,1528.6346,4,"uninfected",180,"LZ22221"
379378,200,25,1528.6346,4,"uninfected",180,"LZ22221"
253619,133,26,1528.6346,4,"uninfected",180,"LZ22221"
574718,333,1,1517.1805,5,"uninfected",180,"LZ22221"
500579,289,2,1517.1805,5,"uninfected",180,"LZ22221"
124697,73,3,1517.1805,5,"uninfected",180,"LZ22221"
327700,190,4,1517.1805,5,"uninfected",180,"LZ22221"
382818,204,5,1517.1805,5,"uninfected",180,"LZ22221"
554967,284,6,1517.1805,5,"uninfected",180,"LZ22221"
409289,220,1,1582.5285,6,"uninfected",180,"LZ22221"
522535,280,2,1582.5285,6,"uninfected",180,"LZ22221"
1134044,603,3,1582.5285,6,"uninfected",180,"LZ22221"
505116,269,4,1582.5285,6,"uninfected",180,"LZ22221"
733642,386,5,1582.5285,6,"uninfected",180,"LZ22221"
560048,300,6,1582.5285,6,"uninfected",180,"LZ22221"
474769,262,7,1582.5285,6,"uninfected",180,"LZ22221"
381824,202,8,1582.5285,6,"uninfected",180,"LZ22221"
258581,134,9,1582.5285,6,"uninfected",180,"LZ22221"
647524,322,10,1582.5285,6,"uninfected",180,"LZ22221"
292577,144,11,1582.5285,6,"uninfected",180,"LZ22221"
199843,105,12,1582.5285,6,"uninfected",180,"LZ22221"
408015,207,13,1582.5285,6,"uninfected",180,"LZ22221"
562007,285,2,1666.6979,1,"uninfected",60,"LZ22221"
578670,274,3,1666.6979,1,"uninfected",60,"LZ22221"
1307971,637,4,1666.6979,1,"uninfected",60,"LZ22221"
405810,193,5,1666.6979,1,"uninfected",60,"LZ22221"
637449,302,6,1666.6979,1,"uninfected",60,"LZ22221"
186655,90,7,1666.6979,1,"uninfected",60,"LZ22221"
352452,182,1,1675.8196,2,"uninfected",60,"LZ22221"
294770,146,2,1675.8196,2,"uninfected",60,"LZ22221"
623552,314,3,1675.8196,2,"uninfected",60,"LZ22221"
734201,372,4,1675.8196,2,"uninfected",60,"LZ22221"
246912,119,5,1675.8196,2,"uninfected",60,"LZ22221"
484701,231,6,1675.8196,2,"uninfected",60,"LZ22221"
206558,90,7,1675.8196,2,"uninfected",60,"LZ22221"
966401,442,8,1675.8196,2,"uninfected",60,"LZ22221"
720818,313,9,1675.8196,2,"uninfected",60,"LZ22221"
417955,189,10,1675.8196,2,"uninfected",60,"LZ22221"
932037,461,1,1680.8279,3,"uninfected",60,"LZ22221"
562191,274,1,1735.034,4,"uninfected",60,"LZ22221"
596523,291,2,1735.034,4,"uninfected",60,"LZ22221"
364798,166,3,1735.034,4,"uninfected",60,"LZ22221"
559615,244,4,1735.034,4,"uninfected",60,"LZ22221"
195040,87,5,1735.034,4,"uninfected",60,"LZ22221"
304539,138,6,1735.034,4,"uninfected",60,"LZ22221"
457666,209,1,1924.8966,5,"uninfected",60,"LZ22221"
347442,148,2,1924.8966,5,"uninfected",60,"LZ22221"
277372,126,3,1924.8966,5,"uninfected",60,"LZ22221"
683416,320,4,1924.8966,5,"uninfected",60,"LZ22221"
770147,349,5,1924.8966,5,"uninfected",60,"LZ22221"
420106,184,6,1924.8966,5,"uninfected",60,"LZ22221"
490659,224,7,1924.8966,5,"uninfected",60,"LZ22221"
650597,309,8,1924.8966,5,"uninfected",60,"LZ22221"
427535,214,9,1924.8966,5,"uninfected",60,"LZ22221"
495896,230,10,1924.8966,5,"uninfected",60,"LZ22221"
416571,185,11,1924.8966,5,"uninfected",60,"LZ22221"
528541,243,12,1924.8966,5,"uninfected",60,"LZ22221"
412854,196,13,1924.8966,5,"uninfected",60,"LZ22221"
504282,240,14,1924.8966,5,"uninfected",60,"LZ22221"
356997,167,15,1924.8966,5,"uninfected",60,"LZ22221"
580468,271,16,1924.8966,5,"uninfected",60,"LZ22221"
1103549,478,17,1924.8966,5,"uninfected",60,"LZ22221"
476514,158,18,1924.8966,5,"uninfected",60,"LZ22221"
374610,177,19,1924.8966,5,"uninfected",60,"LZ22221"
666866,310,20,1924.8966,5,"uninfected",60,"LZ22221"
398888,195,21,1924.8966,5,"uninfected",60,"LZ22221"
261062,126,22,1924.8966,5,"uninfected",60,"LZ22221"
319680,151,23,1924.8966,5,"uninfected",60,"LZ22221"
377417,177,24,1924.8966,5,"uninfected",60,"LZ22221"
494684,230,25,1924.8966,5,"uninfected",60,"LZ22221"
644381,306,26,1924.8966,5,"uninfected",60,"LZ22221"
251929,120,27,1924.8966,5,"uninfected",60,"LZ22221"
562607,254,29,1924.8966,5,"uninfected",60,"LZ22221"
595423,293,30,1924.8966,5,"uninfected",60,"LZ22221"
650470,304,31,1924.8966,5,"uninfected",60,"LZ22221"
771902,356,32,1924.8966,5,"uninfected",60,"LZ22221"
596077,272,33,1924.8966,5,"uninfected",60,"LZ22221"
907795,406,34,1924.8966,5,"uninfected",60,"LZ22221"
903985,440,35,1924.8966,5,"uninfected",60,"LZ22221"
494767,230,36,1924.8966,5,"uninfected",60,"LZ22221"
575635,265,37,1924.8966,5,"uninfected",60,"LZ22221"
439864,217,38,1924.8966,5,"uninfected",60,"LZ22221"
625636,302,39,1924.8966,5,"uninfected",60,"LZ22221"
722758,358,40,1924.8966,5,"uninfected",60,"LZ22221"
840396,382,41,1924.8966,5,"uninfected",60,"LZ22221"
261649,121,42,1924.8966,5,"uninfected",60,"LZ22221"
388645,175,43,1924.8966,5,"uninfected",60,"LZ22221"
785449,352,44,1924.8966,5,"uninfected",60,"LZ22221"
306605,140,45,1924.8966,5,"uninfected",60,"LZ22221"
672226,297,46,1924.8966,5,"uninfected",60,"LZ22221"
768491,357,47,1924.8966,5,"uninfected",60,"LZ22221"
701873,331,48,1924.8966,5,"uninfected",60,"LZ22221"
1008548,478,49,1924.8966,5,"uninfected",60,"LZ22221"
593920,271,50,1924.8966,5,"uninfected",60,"LZ22221"
952490,433,51,1924.8966,5,"uninfected",60,"LZ22221"
384188,170,52,1924.8966,5,"uninfected",60,"LZ22221"
350744,152,53,1924.8966,5,"uninfected",60,"LZ22221"
571829,264,54,1924.8966,5,"uninfected",60,"LZ22221"
565977,267,55,1924.8966,5,"uninfected",60,"LZ22221"
488024,214,56,1924.8966,5,"uninfected",60,"LZ22221"
455032,197,57,1924.8966,5,"uninfected",60,"LZ22221"
235735,96,58,1924.8966,5,"uninfected",60,"LZ22221"
444285,175,59,1924.8966,5,"uninfected",60,"LZ22221"
460803,189,60,1924.8966,5,"uninfected",60,"LZ22221"
423375,186,61,1924.8966,5,"uninfected",60,"LZ22221"
405982,179,62,1924.8966,5,"uninfected",60,"LZ22221"
467758,194,63,1924.8966,5,"uninfected",60,"LZ22221"
361882,155,64,1924.8966,5,"uninfected",60,"LZ22221"
528373,217,65,1924.8966,5,"uninfected",60,"LZ22221"
342866,136,66,1924.8966,5,"uninfected",60,"LZ22221"
921292,364,67,1924.8966,5,"uninfected",60,"LZ22221"
308754,120,68,1924.8966,5,"uninfected",60,"LZ22221"
924977,411,69,1924.8966,5,"uninfected",60,"LZ22221"
567014,254,70,1924.8966,5,"uninfected",60,"LZ22221"
1468407,609,71,1924.8966,5,"uninfected",60,"LZ22221"
389723,148,72,1924.8966,5,"uninfected",60,"LZ22221"
426017,164,73,1924.8966,5,"uninfected",60,"LZ22221"
559867,220,74,1924.8966,5,"uninfected",60,"LZ22221"
779190,320,75,1924.8966,5,"uninfected",60,"LZ22221"
544288,202,76,1924.8966,5,"uninfected",60,"LZ22221"
315616,126,77,1924.8966,5,"uninfected",60,"LZ22221"
285404,107,78,1924.8966,5,"uninfected",60,"LZ22221"
438434,163,79,1924.8966,5,"uninfected",60,"LZ22221"
353344,147,80,1924.8966,5,"uninfected",60,"LZ22221"
283383,124,81,1924.8966,5,"uninfected",60,"LZ22221"
211479,97,82,1924.8966,5,"uninfected",60,"LZ22221"
267808,124,83,1924.8966,5,"uninfected",60,"LZ22221"
231736,107,84,1924.8966,5,"uninfected",60,"LZ22221"
362459,163,85,1924.8966,5,"uninfected",60,"LZ22221"
99547,44,86,1924.8966,5,"uninfected",60,"LZ22221"
395432,154,87,1924.8966,5,"uninfected",60,"LZ22221"
297533,122,88,1924.8966,5,"uninfected",60,"LZ22221"
490100,224,89,1924.8966,5,"uninfected",60,"LZ22221"
149517,69,90,1924.8966,5,"uninfected",60,"LZ22221"
411556,183,91,1924.8966,5,"uninfected",60,"LZ22221"
297814,139,92,1924.8966,5,"uninfected",60,"LZ22221"
478893,186,93,1924.8966,5,"uninfected",60,"LZ22221"
268808,111,94,1924.8966,5,"uninfected",60,"LZ22221"
297889,119,95,1924.8966,5,"uninfected",60,"LZ22221"
529517,216,96,1924.8966,5,"uninfected",60,"LZ22221"
482546,191,97,1924.8966,5,"uninfected",60,"LZ22221"
248042,113,98,1924.8966,5,"uninfected",60,"LZ22221"
205547,89,99,1924.8966,5,"uninfected",60,"LZ22221"
204089,85,100,1924.8966,5,"uninfected",60,"LZ22221"
692618,294,101,1924.8966,5,"uninfected",60,"LZ22221"
749891,311,102,1924.8966,5,"uninfected",60,"LZ22221"
549646,239,103,1924.8966,5,"uninfected",60,"LZ22221"
472693,213,104,1924.8966,5,"uninfected",60,"LZ22221"
452746,179,105,1924.8966,5,"uninfected",60,"LZ22221"
269163,117,106,1924.8966,5,"uninfected",60,"LZ22221"
234693,95,108,1924.8966,5,"uninfected",60,"LZ22221"
317478,150,109,1924.8966,5,"uninfected",60,"LZ22221"
278393,128,110,1924.8966,5,"uninfected",60,"LZ22221"
578349,262,111,1924.8966,5,"uninfected",60,"LZ22221"
914162,419,112,1924.8966,5,"uninfected",60,"LZ22221"
833239,368,113,1924.8966,5,"uninfected",60,"LZ22221"
491475,213,114,1924.8966,5,"uninfected",60,"LZ22221"
668790,286,115,1924.8966,5,"uninfected",60,"LZ22221"
419116,183,116,1924.8966,5,"uninfected",60,"LZ22221"
393601,171,117,1924.8966,5,"uninfected",60,"LZ22221"
240566,108,118,1924.8966,5,"uninfected",60,"LZ22221"
195508,93,119,1924.8966,5,"uninfected",60,"LZ22221"
134131,67,120,1924.8966,5,"uninfected",60,"LZ22221"
404175,173,121,1924.8966,5,"uninfected",60,"LZ22221"
303713,142,122,1924.8966,5,"uninfected",60,"LZ22221"
740539,322,123,1924.8966,5,"uninfected",60,"LZ22221"
321859,142,124,1924.8966,5,"uninfected",60,"LZ22221"
416166,176,125,1924.8966,5,"uninfected",60,"LZ22221"
277352,121,126,1924.8966,5,"uninfected",60,"LZ22221"
454693,190,127,1924.8966,5,"uninfected",60,"LZ22221"
712362,310,128,1924.8966,5,"uninfected",60,"LZ22221"
201876,87,129,1924.8966,5,"uninfected",60,"LZ22221"
292176,122,130,1924.8966,5,"uninfected",60,"LZ22221"
386150,158,131,1924.8966,5,"uninfected",60,"LZ22221"
182403,80,132,1924.8966,5,"uninfected",60,"LZ22221"
433810,190,133,1924.8966,5,"uninfected",60,"LZ22221"
1094955,439,134,1924.8966,5,"uninfected",60,"LZ22221"
597415,254,135,1924.8966,5,"uninfected",60,"LZ22221"
357559,147,136,1924.8966,5,"uninfected",60,"LZ22221"
644151,268,137,1924.8966,5,"uninfected",60,"LZ22221"
479167,188,138,1924.8966,5,"uninfected",60,"LZ22221"
561215,227,139,1924.8966,5,"uninfected",60,"LZ22221"
428408,180,140,1924.8966,5,"uninfected",60,"LZ22221"
581138,219,141,1924.8966,5,"uninfected",60,"LZ22221"
191836,81,142,1924.8966,5,"uninfected",60,"LZ22221"
286373,114,144,1924.8966,5,"uninfected",60,"LZ22221"
717137,287,145,1924.8966,5,"uninfected",60,"LZ22221"
239756,89,146,1924.8966,5,"uninfected",60,"LZ22221"
347697,157,147,1924.8966,5,"uninfected",60,"LZ22221"
234078,98,148,1924.8966,5,"uninfected",60,"LZ22221"
514948,232,149,1924.8966,5,"uninfected",60,"LZ22221"
138629,55,150,1924.8966,5,"uninfected",60,"LZ22221"
348771,153,151,1924.8966,5,"uninfected",60,"LZ22221"
269014,116,152,1924.8966,5,"uninfected",60,"LZ22221"
320860,145,153,1924.8966,5,"uninfected",60,"LZ22221"
283812,130,154,1924.8966,5,"uninfected",60,"LZ22221"
330109,151,155,1924.8966,5,"uninfected",60,"LZ22221"
325574,126,156,1924.8966,5,"uninfected",60,"LZ22221"
458864,192,157,1924.8966,5,"uninfected",60,"LZ22221"
362724,157,158,1924.8966,5,"uninfected",60,"LZ22221"
946408,391,159,1924.8966,5,"uninfected",60,"LZ22221"
142149,59,160,1924.8966,5,"uninfected",60,"LZ22221"
155434,63,161,1924.8966,5,"uninfected",60,"LZ22221"
454388,189,162,1924.8966,5,"uninfected",60,"LZ22221"
468963,203,163,1924.8966,5,"uninfected",60,"LZ22221"
504428,206,164,1924.8966,5,"uninfected",60,"LZ22221"
202223,86,165,1924.8966,5,"uninfected",60,"LZ22221"
184530,79,166,1924.8966,5,"uninfected",60,"LZ22221"
284420,113,167,1924.8966,5,"uninfected",60,"LZ22221"
788838,330,168,1924.8966,5,"uninfected",60,"LZ22221"
433906,179,169,1924.8966,5,"uninfected",60,"LZ22221"
282875,130,170,1924.8966,5,"uninfected",60,"LZ22221"
530696,215,171,1924.8966,5,"uninfected",60,"LZ22221"
358434,160,172,1924.8966,5,"uninfected",60,"LZ22221"
579172,235,173,1924.8966,5,"uninfected",60,"LZ22221"
695265,292,174,1924.8966,5,"uninfected",60,"LZ22221"
425368,188,175,1924.8966,5,"uninfected",60,"LZ22221"
330094,134,176,1924.8966,5,"uninfected",60,"LZ22221"
507171,204,177,1924.8966,5,"uninfected",60,"LZ22221"
198477,86,178,1924.8966,5,"uninfected",60,"LZ22221"
613978,276,179,1924.8966,5,"uninfected",60,"LZ22221"
504344,230,180,1924.8966,5,"uninfected",60,"LZ22221"
172804,80,181,1924.8966,5,"uninfected",60,"LZ22221"
424800,187,182,1924.8966,5,"uninfected",60,"LZ22221"
572906,250,183,1924.8966,5,"uninfected",60,"LZ22221"
769011,326,184,1924.8966,5,"uninfected",60,"LZ22221"
245143,99,185,1924.8966,5,"uninfected",60,"LZ22221"
337217,147,186,1924.8966,5,"uninfected",60,"LZ22221"
379902,189,1,1702.8035,6,"uninfected",60,"LZ22221"
334959,163,2,1702.8035,6,"uninfected",60,"LZ22221"
250740,116,3,1702.8035,6,"uninfected",60,"LZ22221"
552614,262,4,1702.8035,6,"uninfected",60,"LZ22221"
792845,379,5,1702.8035,6,"uninfected",60,"LZ22221"
473343,212,6,1702.8035,6,"uninfected",60,"LZ22221"
452534,200,7,1702.8035,6,"uninfected",60,"LZ22221"
304390,141,8,1702.8035,6,"uninfected",60,"LZ22221"
334735,145,9,1702.8035,6,"uninfected",60,"LZ22221"
300891,147,1,1680.5536,7,"uninfected",60,"LZ22221"
352338,173,2,1680.5536,7,"uninfected",60,"LZ22221"
508887,258,3,1680.5536,7,"uninfected",60,"LZ22221"
319904,157,4,1680.5536,7,"uninfected",60,"LZ22221"
253327,125,5,1680.5536,7,"uninfected",60,"LZ22221"
190757,99,6,1680.5536,7,"uninfected",60,"LZ22221"
183537,88,7,1680.5536,7,"uninfected",60,"LZ22221"
265279,128,8,1680.5536,7,"uninfected",60,"LZ22221"
285044,142,9,1680.5536,7,"uninfected",60,"LZ22221"
283567,137,10,1680.5536,7,"uninfected",60,"LZ22221"
305797,149,11,1680.5536,7,"uninfected",60,"LZ22221"
318391,152,12,1680.5536,7,"uninfected",60,"LZ22221"
296269,135,13,1680.5536,7,"uninfected",60,"LZ22221"
330833,156,14,1680.5536,7,"uninfected",60,"LZ22221"
378006,177,15,1680.5536,7,"uninfected",60,"LZ22221"
242020,118,16,1680.5536,7,"uninfected",60,"LZ22221"
408191,208,17,1680.5536,7,"uninfected",60,"LZ22221"
679493,320,1,1767.2194,8,"uninfected",60,"LZ22221"
692296,307,2,1767.2194,8,"uninfected",60,"LZ22221"
682861,277,3,1767.2194,8,"uninfected",60,"LZ22221"
220623,91,4,1767.2194,8,"uninfected",60,"LZ22221"
1441987,567,5,1767.2194,8,"uninfected",60,"LZ22221"
1002303,428,1,1776.4409,9,"uninfected",60,"LZ22221"
906382,431,2,1776.4409,9,"uninfected",60,"LZ22221"
601750,271,3,1776.4409,9,"uninfected",60,"LZ22221"
224179,122,4,1776.4409,9,"uninfected",60,"LZ22221"
215521,97,5,1776.4409,9,"uninfected",60,"LZ22221"
158466,69,6,1776.4409,9,"uninfected",60,"LZ22221"
419512,184,7,1776.4409,9,"uninfected",60,"LZ22221"
286544,122,8,1776.4409,9,"uninfected",60,"LZ22221"
279611,118,9,1776.4409,9,"uninfected",60,"LZ22221"
291412,134,10,1776.4409,9,"uninfected",60,"LZ22221"
203176,91,11,1776.4409,9,"uninfected",60,"LZ22221"
151745,67,12,1776.4409,9,"uninfected",60,"LZ22221"
539830,232,13,1776.4409,9,"uninfected",60,"LZ22221"
391689,166,14,1776.4409,9,"uninfected",60,"LZ22221"
163892,62,15,1776.4409,9,"uninfected",60,"LZ22221"
561483,221,16,1776.4409,9,"uninfected",60,"LZ22221"
351673,146,17,1776.4409,9,"uninfected",60,"LZ22221"
460329,188,18,1776.4409,9,"uninfected",60,"LZ22221"
683722,275,19,1776.4409,9,"uninfected",60,"LZ22221"
541104,219,20,1776.4409,9,"uninfected",60,"LZ22221"
378777,149,21,1776.4409,9,"uninfected",60,"LZ22221"
481573,201,22,1776.4409,9,"uninfected",60,"LZ22221"
814914,374,1,1778.8077,10,"uninfected",60,"LZ22221"
979317,388,2,1778.8077,10,"uninfected",60,"LZ22221"
178954,71,3,1778.8077,10,"uninfected",60,"LZ22221"
229611,96,4,1778.8077,10,"uninfected",60,"LZ22221"
679025,330,2,1707.1977,1,"uninfected",60,"LZ22221"
959683,474,3,1707.1977,1,"uninfected",60,"LZ22221"
1024360,494,4,1707.1977,1,"uninfected",60,"LZ22221"
863010,404,5,1707.1977,1,"uninfected",60,"LZ22221"
424691,189,6,1707.1977,1,"uninfected",60,"LZ22221"
187561,84,7,1707.1977,1,"uninfected",60,"LZ22221"
235384,111,8,1707.1977,1,"uninfected",60,"LZ22221"
582131,300,1,1681.1511,2,"uninfected",60,"LZ22221"
997600,500,2,1681.1511,2,"uninfected",60,"LZ22221"
351804,175,3,1681.1511,2,"uninfected",60,"LZ22221"
396404,201,4,1681.1511,2,"uninfected",60,"LZ22221"
673741,335,5,1681.1511,2,"uninfected",60,"LZ22221"
510966,242,6,1681.1511,2,"uninfected",60,"LZ22221"
308154,147,7,1681.1511,2,"uninfected",60,"LZ22221"
382234,187,8,1681.1511,2,"uninfected",60,"LZ22221"
1017101,510,1,1748.2264,3,"uninfected",60,"LZ22221"
324772,156,2,1748.2264,3,"uninfected",60,"LZ22221"
280552,145,3,1748.2264,3,"uninfected",60,"LZ22221"
363426,179,4,1748.2264,3,"uninfected",60,"LZ22221"
414096,214,5,1748.2264,3,"uninfected",60,"LZ22221"
396639,198,6,1748.2264,3,"uninfected",60,"LZ22221"
969931,490,7,1748.2264,3,"uninfected",60,"LZ22221"
605029,297,8,1748.2264,3,"uninfected",60,"LZ22221"
509760,252,9,1748.2264,3,"uninfected",60,"LZ22221"
355754,179,10,1748.2264,3,"uninfected",60,"LZ22221"
1135298,573,11,1748.2264,3,"uninfected",60,"LZ22221"
674153,353,12,1748.2264,3,"uninfected",60,"LZ22221"
628926,302,13,1748.2264,3,"uninfected",60,"LZ22221"
560729,283,14,1748.2264,3,"uninfected",60,"LZ22221"
299680,153,15,1748.2264,3,"uninfected",60,"LZ22221"
1120818,563,16,1748.2264,3,"uninfected",60,"LZ22221"
264864,131,17,1748.2264,3,"uninfected",60,"LZ22221"
615767,308,18,1748.2264,3,"uninfected",60,"LZ22221"
452503,222,19,1748.2264,3,"uninfected",60,"LZ22221"
391874,193,20,1748.2264,3,"uninfected",60,"LZ22221"
914702,455,21,1748.2264,3,"uninfected",60,"LZ22221"
624002,308,22,1748.2264,3,"uninfected",60,"LZ22221"
714476,363,23,1748.2264,3,"uninfected",60,"LZ22221"
514363,255,24,1748.2264,3,"uninfected",60,"LZ22221"
529154,264,25,1748.2264,3,"uninfected",60,"LZ22221"
848128,431,26,1748.2264,3,"uninfected",60,"LZ22221"
441842,210,27,1748.2264,3,"uninfected",60,"LZ22221"
850649,430,28,1748.2264,3,"uninfected",60,"LZ22221"
445086,231,29,1748.2264,3,"uninfected",60,"LZ22221"
320686,164,30,1748.2264,3,"uninfected",60,"LZ22221"
321037,163,31,1748.2264,3,"uninfected",60,"LZ22221"
574084,289,32,1748.2264,3,"uninfected",60,"LZ22221"
563515,289,33,1748.2264,3,"uninfected",60,"LZ22221"
887675,442,34,1748.2264,3,"uninfected",60,"LZ22221"
311615,156,35,1748.2264,3,"uninfected",60,"LZ22221"
622915,290,36,1748.2264,3,"uninfected",60,"LZ22221"
460492,234,37,1748.2264,3,"uninfected",60,"LZ22221"
641421,328,38,1748.2264,3,"uninfected",60,"LZ22221"
273782,136,39,1748.2264,3,"uninfected",60,"LZ22221"
611809,306,40,1748.2264,3,"uninfected",60,"LZ22221"
846779,423,41,1748.2264,3,"uninfected",60,"LZ22221"
516104,259,42,1748.2264,3,"uninfected",60,"LZ22221"
611031,316,43,1748.2264,3,"uninfected",60,"LZ22221"
339792,166,44,1748.2264,3,"uninfected",60,"LZ22221"
402008,185,45,1748.2264,3,"uninfected",60,"LZ22221"
387525,183,46,1748.2264,3,"uninfected",60,"LZ22221"
337403,175,47,1748.2264,3,"uninfected",60,"LZ22221"
652590,334,48,1748.2264,3,"uninfected",60,"LZ22221"
345610,162,49,1748.2264,3,"uninfected",60,"LZ22221"
1064038,539,50,1748.2264,3,"uninfected",60,"LZ22221"
309867,147,51,1748.2264,3,"uninfected",60,"LZ22221"
626330,315,52,1748.2264,3,"uninfected",60,"LZ22221"
952935,476,53,1748.2264,3,"uninfected",60,"LZ22221"
497586,250,54,1748.2264,3,"uninfected",60,"LZ22221"
416590,213,55,1748.2264,3,"uninfected",60,"LZ22221"
805970,400,56,1748.2264,3,"uninfected",60,"LZ22221"
805850,414,57,1748.2264,3,"uninfected",60,"LZ22221"
387117,192,58,1748.2264,3,"uninfected",60,"LZ22221"
484036,247,59,1748.2264,3,"uninfected",60,"LZ22221"
440365,213,60,1748.2264,3,"uninfected",60,"LZ22221"
325513,154,61,1748.2264,3,"uninfected",60,"LZ22221"
299034,136,62,1748.2264,3,"uninfected",60,"LZ22221"
514403,239,63,1748.2264,3,"uninfected",60,"LZ22221"
163836,71,64,1748.2264,3,"uninfected",60,"LZ22221"
461330,194,65,1748.2264,3,"uninfected",60,"LZ22221"
461364,208,66,1748.2264,3,"uninfected",60,"LZ22221"
335041,157,67,1748.2264,3,"uninfected",60,"LZ22221"
243998,121,68,1748.2264,3,"uninfected",60,"LZ22221"
155245,78,69,1748.2264,3,"uninfected",60,"LZ22221"
841302,386,70,1748.2264,3,"uninfected",60,"LZ22221"
394194,172,71,1748.2264,3,"uninfected",60,"LZ22221"
492825,231,72,1748.2264,3,"uninfected",60,"LZ22221"
139298,64,73,1748.2264,3,"uninfected",60,"LZ22221"
201329,88,74,1748.2264,3,"uninfected",60,"LZ22221"
234534,108,75,1748.2264,3,"uninfected",60,"LZ22221"
212255,94,76,1748.2264,3,"uninfected",60,"LZ22221"
283762,137,77,1748.2264,3,"uninfected",60,"LZ22221"
309168,157,78,1748.2264,3,"uninfected",60,"LZ22221"
320448,159,79,1748.2264,3,"uninfected",60,"LZ22221"
222955,105,80,1748.2264,3,"uninfected",60,"LZ22221"
278546,133,81,1748.2264,3,"uninfected",60,"LZ22221"
529702,256,82,1748.2264,3,"uninfected",60,"LZ22221"
185613,86,83,1748.2264,3,"uninfected",60,"LZ22221"
610621,273,84,1748.2264,3,"uninfected",60,"LZ22221"
1104214,531,85,1748.2264,3,"uninfected",60,"LZ22221"
351804,170,86,1748.2264,3,"uninfected",60,"LZ22221"
655957,298,87,1748.2264,3,"uninfected",60,"LZ22221"
808580,378,88,1748.2264,3,"uninfected",60,"LZ22221"
585634,254,89,1748.2264,3,"uninfected",60,"LZ22221"
225556,95,90,1748.2264,3,"uninfected",60,"LZ22221"
149297,69,91,1748.2264,3,"uninfected",60,"LZ22221"
247414,112,92,1748.2264,3,"uninfected",60,"LZ22221"
593843,273,93,1748.2264,3,"uninfected",60,"LZ22221"
180216,83,94,1748.2264,3,"uninfected",60,"LZ22221"
220568,106,95,1748.2264,3,"uninfected",60,"LZ22221"
352043,167,96,1748.2264,3,"uninfected",60,"LZ22221"
362577,153,97,1748.2264,3,"uninfected",60,"LZ22221"
386537,164,98,1748.2264,3,"uninfected",60,"LZ22221"
925708,408,99,1748.2264,3,"uninfected",60,"LZ22221"
252292,120,100,1748.2264,3,"uninfected",60,"LZ22221"
591414,276,101,1748.2264,3,"uninfected",60,"LZ22221"
859357,411,102,1748.2264,3,"uninfected",60,"LZ22221"
507732,254,103,1748.2264,3,"uninfected",60,"LZ22221"
530512,260,104,1748.2264,3,"uninfected",60,"LZ22221"
207709,102,105,1748.2264,3,"uninfected",60,"LZ22221"
228260,111,106,1748.2264,3,"uninfected",60,"LZ22221"
301239,148,107,1748.2264,3,"uninfected",60,"LZ22221"
539639,260,108,1748.2264,3,"uninfected",60,"LZ22221"
293319,134,109,1748.2264,3,"uninfected",60,"LZ22221"
406903,184,110,1748.2264,3,"uninfected",60,"LZ22221"
694831,326,111,1748.2264,3,"uninfected",60,"LZ22221"
487970,238,112,1748.2264,3,"uninfected",60,"LZ22221"
337065,160,113,1748.2264,3,"uninfected",60,"LZ22221"
680380,318,114,1748.2264,3,"uninfected",60,"LZ22221"
646756,277,115,1748.2264,3,"uninfected",60,"LZ22221"
293471,121,116,1748.2264,3,"uninfected",60,"LZ22221"
532280,239,117,1748.2264,3,"uninfected",60,"LZ22221"
384391,171,118,1748.2264,3,"uninfected",60,"LZ22221"
228057,112,119,1748.2264,3,"uninfected",60,"LZ22221"
231486,114,120,1748.2264,3,"uninfected",60,"LZ22221"
514350,259,121,1748.2264,3,"uninfected",60,"LZ22221"
711896,352,122,1748.2264,3,"uninfected",60,"LZ22221"
637001,312,123,1748.2264,3,"uninfected",60,"LZ22221"
230311,116,124,1748.2264,3,"uninfected",60,"LZ22221"
436858,208,125,1748.2264,3,"uninfected",60,"LZ22221"
685120,350,1,1671.8081,4,"uninfected",60,"LZ22221"
533090,267,2,1671.8081,4,"uninfected",60,"LZ22221"
535922,262,3,1671.8081,4,"uninfected",60,"LZ22221"
405050,207,4,1671.8081,4,"uninfected",60,"LZ22221"
706712,338,5,1671.8081,4,"uninfected",60,"LZ22221"
717039,344,6,1671.8081,4,"uninfected",60,"LZ22221"
447486,206,7,1671.8081,4,"uninfected",60,"LZ22221"
363666,190,1,1733.7458,5,"uninfected",60,"LZ22221"
353244,184,2,1733.7458,5,"uninfected",60,"LZ22221"
501750,250,3,1733.7458,5,"uninfected",60,"LZ22221"
417456,208,4,1733.7458,5,"uninfected",60,"LZ22221"
272684,135,5,1733.7458,5,"uninfected",60,"LZ22221"
485156,246,6,1733.7458,5,"uninfected",60,"LZ22221"
377404,192,7,1733.7458,5,"uninfected",60,"LZ22221"
590097,290,8,1733.7458,5,"uninfected",60,"LZ22221"
461601,220,9,1733.7458,5,"uninfected",60,"LZ22221"
576953,281,10,1733.7458,5,"uninfected",60,"LZ22221"
771688,351,11,1733.7458,5,"uninfected",60,"LZ22221"
790789,378,12,1733.7458,5,"uninfected",60,"LZ22221"
628905,299,13,1733.7458,5,"uninfected",60,"LZ22221"
560661,268,14,1733.7458,5,"uninfected",60,"LZ22221"
398818,189,15,1733.7458,5,"uninfected",60,"LZ22221"
563135,275,16,1733.7458,5,"uninfected",60,"LZ22221"
321229,153,17,1733.7458,5,"uninfected",60,"LZ22221"
482781,228,18,1733.7458,5,"uninfected",60,"LZ22221"
177912,77,19,1733.7458,5,"uninfected",60,"LZ22221"
205775,89,20,1733.7458,5,"uninfected",60,"LZ22221"
292705,133,21,1733.7458,5,"uninfected",60,"LZ22221"
258715,119,22,1733.7458,5,"uninfected",60,"LZ22221"
1177102,545,23,1733.7458,5,"uninfected",60,"LZ22221"
196967,91,24,1733.7458,5,"uninfected",60,"LZ22221"
222325,103,25,1733.7458,5,"uninfected",60,"LZ22221"
614671,284,26,1733.7458,5,"uninfected",60,"LZ22221"
661768,304,27,1733.7458,5,"uninfected",60,"LZ22221"
321867,153,28,1733.7458,5,"uninfected",60,"LZ22221"
329304,143,29,1733.7458,5,"uninfected",60,"LZ22221"
261680,132,30,1733.7458,5,"uninfected",60,"LZ22221"
659555,304,31,1733.7458,5,"uninfected",60,"LZ22221"
219944,105,32,1733.7458,5,"uninfected",60,"LZ22221"
316009,138,33,1733.7458,5,"uninfected",60,"LZ22221"
257526,120,34,1733.7458,5,"uninfected",60,"LZ22221"
567250,257,35,1733.7458,5,"uninfected",60,"LZ22221"
319711,142,36,1733.7458,5,"uninfected",60,"LZ22221"
316793,135,37,1733.7458,5,"uninfected",60,"LZ22221"
271270,121,38,1733.7458,5,"uninfected",60,"LZ22221"
281706,128,39,1733.7458,5,"uninfected",60,"LZ22221"
204562,102,40,1733.7458,5,"uninfected",60,"LZ22221"
241008,115,41,1733.7458,5,"uninfected",60,"LZ22221"
847262,393,42,1733.7458,5,"uninfected",60,"LZ22221"
422241,197,43,1733.7458,5,"uninfected",60,"LZ22221"
349366,156,44,1733.7458,5,"uninfected",60,"LZ22221"
311481,143,45,1733.7458,5,"uninfected",60,"LZ22221"
299982,138,46,1733.7458,5,"uninfected",60,"LZ22221"
513375,232,47,1733.7458,5,"uninfected",60,"LZ22221"
251979,115,48,1733.7458,5,"uninfected",60,"LZ22221"
502701,238,49,1733.7458,5,"uninfected",60,"LZ22221"
292515,131,50,1733.7458,5,"uninfected",60,"LZ22221"
201747,92,51,1733.7458,5,"uninfected",60,"LZ22221"
309416,140,52,1733.7458,5,"uninfected",60,"LZ22221"
380419,173,53,1733.7458,5,"uninfected",60,"LZ22221"
203716,97,54,1733.7458,5,"uninfected",60,"LZ22221"
239505,113,55,1733.7458,5,"uninfected",60,"LZ22221"
235354,115,56,1733.7458,5,"uninfected",60,"LZ22221"
764435,413,1,1627.357,6,"uninfected",60,"LZ22221"
778087,413,2,1627.357,6,"uninfected",60,"LZ22221"
390619,207,3,1627.357,6,"uninfected",60,"LZ22221"
485425,259,4,1627.357,6,"uninfected",60,"LZ22221"
309419,168,5,1627.357,6,"uninfected",60,"LZ22221"
472285,237,6,1627.357,6,"uninfected",60,"LZ22221"
657052,337,7,1627.357,6,"uninfected",60,"LZ22221"
914818,458,8,1627.357,6,"uninfected",60,"LZ22221"
492834,238,9,1627.357,6,"uninfected",60,"LZ22221"
340486,166,10,1627.357,6,"uninfected",60,"LZ22221"
263415,132,11,1627.357,6,"uninfected",60,"LZ22221"
395952,202,12,1627.357,6,"uninfected",60,"LZ22221"
461340,254,1,1636.6367,7,"uninfected",60,"LZ22221"
607066,324,2,1636.6367,7,"uninfected",60,"LZ22221"
357706,185,3,1636.6367,7,"uninfected",60,"LZ22221"
390091,210,4,1636.6367,7,"uninfected",60,"LZ22221"
241111,125,5,1636.6367,7,"uninfected",60,"LZ22221"
239178,122,6,1636.6367,7,"uninfected",60,"LZ22221"
156379,81,7,1636.6367,7,"uninfected",60,"LZ22221"
231162,115,8,1636.6367,7,"uninfected",60,"LZ22221"
477625,240,9,1636.6367,7,"uninfected",60,"LZ22221"
441999,211,10,1636.6367,7,"uninfected",60,"LZ22221"
539624,250,11,1636.6367,7,"uninfected",60,"LZ22221"
154749,78,12,1636.6367,7,"uninfected",60,"LZ22221"
864201,447,13,1636.6367,7,"uninfected",60,"LZ22221"
695234,355,14,1636.6367,7,"uninfected",60,"LZ22221"
827916,408,1,1729.6948,8,"uninfected",60,"LZ22221"
979749,475,2,1729.6948,8,"uninfected",60,"LZ22221"
788682,365,3,1729.6948,8,"uninfected",60,"LZ22221"
938872,460,4,1729.6948,8,"uninfected",60,"LZ22221"
258812,122,5,1729.6948,8,"uninfected",60,"LZ22221"
464029,208,6,1729.6948,8,"uninfected",60,"LZ22221"
477938,204,7,1729.6948,8,"uninfected",60,"LZ22221"
869170,345,8,1729.6948,8,"uninfected",60,"LZ22221"
681059,288,9,1729.6948,8,"uninfected",60,"LZ22221"
388902,182,1,1730.2829,9,"uninfected",60,"LZ22221"
382566,174,2,1730.2829,9,"uninfected",60,"LZ22221"
646219,315,3,1730.2829,9,"uninfected",60,"LZ22221"
354915,165,4,1730.2829,9,"uninfected",60,"LZ22221"
285111,134,5,1730.2829,9,"uninfected",60,"LZ22221"
1256339,525,6,1730.2829,9,"uninfected",60,"LZ22221"
501558,203,7,1730.2829,9,"uninfected",60,"LZ22221"
181237,76,8,1730.2829,9,"uninfected",60,"LZ22221"
1179607,511,9,1730.2829,9,"uninfected",60,"LZ22221"
937761,433,1,1734.4894,10,"uninfected",60,"LZ22221"
619539,304,2,1734.4894,10,"uninfected",60,"LZ22221"
875749,429,3,1734.4894,10,"uninfected",60,"LZ22221"
603181,264,4,1734.4894,10,"uninfected",60,"LZ22221"
533955,230,5,1734.4894,10,"uninfected",60,"LZ22221"
